2025-01-01T00:00:00 -991365.124 -733190.473 -6998510.525 4842.8834731 5580.5764709 -1269.9657417
2025-01-01T00:01:00 -697557.256 -398406.36 -7060704.899 4947.4719733 5575.0590817 -802.4979734
2025-01-01T00:02:00 -398063.164 -64641.325 -7094746.862 5032.3292313 5546.6480601 -331.8596323
2025-01-01T00:03:00 -94083.063 266739.26 -7100501.642 5096.9234657 5495.6331454 140.0992136
2025-01-01T00:04:00 213153.305 594390.114 -7077945.638 5140.8028118 5422.3942754 611.5240392
2025-01-01T00:05:00 522391.512 916991.366 -7027166.504 5163.5968668 5327.3982552 1080.561743
2025-01-01T00:06:00 832357.452 1233253.743 -6948362.917 5165.0200555 5211.1974019 1545.3655948
2025-01-01T00:07:00 1141762.484 1541923.628 -6841843.967 5144.874146 5074.4280045 2004.1034292
2025-01-01T00:08:00 1449308.706 1841788.01 -6708028.054 5103.0488699 4917.806679 2454.964756
2025-01-01T00:09:00 1753694.289 2131679.203 -6547441.422 5039.523776 4742.126927 2896.1660821
2025-01-01T00:10:00 2053618.933 2410479.371 -6360716.343 4954.3703345 4548.2562357 3325.9579098
2025-01-01T00:11:00 2347789.371 2677124.835 -6148588.852 4847.7518557 4337.1320632 3742.6323622
2025-01-01T00:12:00 2634924.89 2930610.162 -5911896.058 4719.9232296 4109.7574679 4144.5288128
2025-01-01T00:13:00 2913762.838 3169991.979 -5651573.154 4571.2315849 3867.1974248 4530.0393214
2025-01-01T00:14:00 3183064.16 3394392.571 -5368650.08 4402.1168691 3610.5752194 4897.615061
2025-01-01T00:15:00 3441618.986 3603003.26 -5064247.74 4213.1114432 3341.0676793 5245.7737856
2025-01-01T00:16:00 3688252.126 3795087.451 -4739573.812 4004.8385927 3059.8997484 5573.1059172
2025-01-01T00:17:00 3921828.47 3969983.362 -4395918.24 3778.0112172 2768.3398207 5878.2803804
2025-01-01T00:18:00 4141258.341 4127106.49 -4034648.312 3533.4302141 2467.6942553 6160.050842
2025-01-01T00:19:00 4345502.698 4265951.708 -3657203.395 3271.9819798 2159.3015106 6417.2617825
2025-01-01T00:20:00 4533578.156 4386095.009 -3265089.342 2994.635094 1844.526393 6648.8539495
2025-01-01T00:21:00 4704561.825 4487194.912 -2859872.534 2702.4365635 1524.7537472 6853.8692793
2025-01-01T00:22:00 4857595.904 4568993.48 -2443173.701 2396.5084549 1201.3825539 7031.4547566
2025-01-01T00:23:00 4991892.08 4631316.988 -2016661.496 2078.0444934 875.8199526 7180.8674396
2025-01-01T00:24:00 5106735.686 4674076.213 -1582045.71 1748.3046535 549.4741821 7301.4790486
2025-01-01T00:25:00 5201489.49 4697266.289 -1141070.336 1408.609272 223.7480915 7392.7787073
2025-01-01T00:26:00 5275597.163 4700966.214 -695506.408 1060.3337145 -99.9670411 7454.3755541
2025-01-01T00:27:00 5328586.388 4685337.942 -247144.78 704.9021546 -420.2980726 7486.0008921
2025-01-01T00:28:00 5360071.615 4650625.127 202211.272 343.7814734 -735.8960108 7487.5093997
2025-01-01T00:29:00 5369756.432 4597151.479 650753.509 -21.5248671 -1045.4422836 7458.8803709
2025-01-01T00:30:00 5357435.568 4525318.75 1096676.171 -389.4835571 -1347.6551309 7400.218088
2025-01-01T00:31:00 5322996.475 4435604.353 1538183.505 -758.5382359 -1641.2951826 7311.7515541
2025-01-01T00:32:00 5266420.496 4328558.642 1973497.259 -1127.1168451 -1925.1713809 7193.8344196
2025-01-01T00:33:00 5187783.566 4204801.843 2400864.076 -1493.6397911 -2198.1467573 7046.9432049
2025-01-01T00:34:00 5087256.432 4065020.655 2818562.808 -1856.5274595 -2459.1432181 6871.6744275
2025-01-01T00:35:00 4965104.438 3909964.577 3224911.649 -2214.2072329 -2707.1460468 6668.7417729
2025-01-01T00:36:00 4821686.9 3740441.99 3618275.024 -2565.120847 -2941.2082788 6438.9728329
2025-01-01T00:37:00 4657456.008 3557315.956 3997070.331 -2907.7319135 -3160.4546064 6183.3047349
2025-01-01T00:38:00 4472955.311 3361499.818 4359774.367 -3240.5320464 -3364.084641 5902.7789282
2025-01-01T00:39:00 4268817.902 3153952.652 4704929.425 -3562.0464409 -3551.3748061 5598.537466
2025-01-01T00:40:00 4045764.134 2935674.563 5031149.286 -3870.8427274 -3721.6818451 5271.8201473
2025-01-01T00:41:00 3804598.808 2707701.748 5337124.837 -4165.5391762 -3874.4459719 4923.9554338
2025-01-01T00:42:00 3546208.02 2471101.5 5621629.147 -4444.808214 -4009.1904793 4556.3538259
2025-01-01T00:43:00 3271555.772 2226967.184 5883522.265 -4707.3818633 -4125.5233777 4170.503098
2025-01-01T00:44:00 2981680.211 1976413.113 6121755.662 -4952.0571993 -4223.1385086 3767.961772
2025-01-01T00:45:00 2677689.574 1720569.383 6335376.281 -5177.701686 -4301.8157677 3350.3525546
2025-01-01T00:46:00 2360757.824 1460576.731 6523530.175 -5383.2579716 -4361.4205831 2919.3554116
2025-01-01T00:47:00 2032119.996 1197581.424 6685465.755 -5567.7483442 -4401.9030567 2476.7011422
2025-01-01T00:48:00 1693067.271 932730.197 6820536.64 -5730.2793628 -4423.2970224 2024.1646048
2025-01-01T00:49:00 1344941.826 667165.282 6928204.076 -5870.0455143 -4425.7187634 1563.5575109
2025-01-01T00:50:00 989131.46 402019.503 7008038.956 -5986.3323369 -4409.3656147 1096.7219481
2025-01-01T00:51:00 627064.002 138411.422 7059723.443 -6078.5197539 -4374.5148043 625.5236254
2025-01-01T00:52:00 260201.591 -122559.373 7083052.167 -6146.0851955 -4321.5216403 151.8443806
2025-01-01T00:53:00 -109965.267 -379816.888 7077932.959 -6188.6061424 -4250.8167545 -322.4253351
2025-01-01T00:54:00 -481923.774 -632313.155 7044387.165 -6205.7620768 -4162.9031864 -795.3932947
2025-01-01T00:55:00 -854145.018 -879032.506 6982549.55 -6197.3365791 -4058.3538875 -1265.1723652
2025-01-01T00:56:00 -1225090.248 -1118995.656 6892667.757 -6163.218692 -3937.8085842 -1729.8883357
2025-01-01T00:57:00 -1593217.239 -1351263.622 6775101.318 -6103.4034175 -3801.9699629 -2187.6868782
2025-01-01T00:58:00 -1956986.67 -1574941.377 6630320.262 -6017.9922471 -3651.5997324 -2636.740033
2025-01-01T00:59:00 -2314868.485 -1789181.257 6458903.365 -5907.1933206 -3487.5147835 -3075.2518784
2025-01-01T01:00:00 -2665348.357 -1993186.199 6261536.057 -5771.3226113 -3310.5841908 -3501.4643647
2025-01-01T01:01:00 -3006934.187 -2186212.767 6039007.914 -5610.8049253 -3121.7256831 -3913.665095
2025-01-01T01:02:00 -3338162.596 -2367573.934 5792209.682 -5426.1729925 -2921.9013484 -4310.1960458
2025-01-01T01:03:00 -3657605.345 -2536641.61 5522129.77 -5218.0646387 -2712.1125777 -4689.4603819
2025-01-01T01:04:00 -3963875.589 -2692848.857 5229850.416 -4987.2214485 -2493.3956963 -5049.9282577
2025-01-01T01:05:00 -4255634.022 -2835691.835 4916543.477 -4734.4865717 -2266.8168595 -5390.1438933
2025-01-01T01:06:00 -4531594.907 -2964731.434 4583465.772 -4460.8014506 -2033.4666506 -5708.731525
2025-01-01T01:07:00 -4790531.861 -3079594.594 4231954.121 -4167.2026068 -1794.455166 -6004.4009228
2025-01-01T01:08:00 -5031283.446 -3179975.312 3863420.075 -3854.8179275 -1550.9069844 -6275.952842
2025-01-01T01:09:00 -5252758.547 -3265635.371 3479344.263 -3524.86271 -1303.9560301 -6522.2840893
2025-01-01T01:10:00 -5453941.478 -3336404.743 3081270.515 -3178.6355119 -1054.7406272 -6742.3926541
2025-01-01T01:11:00 -5633896.854 -3392181.707 2670799.585 -2817.5130519 -804.3982457 -6935.3830921
2025-01-01T01:12:00 -5791774.072 -3432932.623 2249582.668 -2442.9440801 -554.0600744 -7100.4710695
2025-01-01T01:13:00 -5926811.463 -3458691.396 1819314.581 -2056.4431066 -304.8454177 -7236.9871082
2025-01-01T01:14:00 -6038340.041 -3469558.59 1381726.768 -1659.583707 -57.855906 -7344.3797051
2025-01-01T01:15:00 -6125786.823 -3465700.2 938580.194 -1253.9915155 185.8296974 -7422.2173935
2025-01-01T01:16:00 -6188677.757 -3447346.151 491658.059 -841.3372875 425.1600544 -7470.1906411
2025-01-01T01:17:00 -6226640.208 -3414788.505 42758.408 -423.329594 659.1160489 -7488.1137221
2025-01-01T01:18:00 -6239404.996 -3368379.38 -406313.289 -1.7070217 886.7157271 -7475.9259329
2025-01-01T01:19:00 -6226807.948 -3308528.575 -853751.69 421.7702507 1107.0191094 -7433.6919836
2025-01-01T01:20:00 -6188790.93 -3235700.918 -1297759.104 845.3291876 1319.1326167 -7361.6011862
2025-01-01T01:21:00 -6125402.367 -3150413.362 -1736552.859 1267.1921388 1522.212902 -7259.9655903
2025-01-01T01:22:00 -6036797.293 -3053231.87 -2168372.644 1685.5844881 1715.4701684 -7129.2177486
2025-01-01T01:23:00 -5923236.935 -2944768.108 -2591487.686 2098.7421701 1898.1712257 -6969.9088423
2025-01-01T01:24:00 -5785087.844 -2825675.961 -3004203.754 2504.920125 2069.6425179 -6782.7059948
2025-01-01T01:25:00 -5622820.503 -2696647.873 -3404870.035 2902.4000617 2229.2726741 -6568.388331
2025-01-01T01:26:00 -5437007.511 -2558411.05 -3791885.727 3289.4976896 2376.5146746 -6327.8430125
2025-01-01T01:27:00 -5228321.32 -2411723.545 -4163706.393 3664.5699328 2510.8874141 -6062.0609598
2025-01-01T01:28:00 -4997531.559 -2257370.273 -4518850.043 4026.0220201 2631.9769307 -5772.1321737
2025-01-01T01:29:00 -4745501.92 -2096158.945 -4855902.937 4372.3141321 2739.4373606 -5459.240637
2025-01-01T01:30:00 -4473186.674 -1928915.96 -5173525.059 4701.9679176 2832.9917724 -5124.6589153
2025-01-01T01:31:00 -4181626.802 -1756482.257 -5470455.251 5013.5725215 2912.432467 -4769.7420448
2025-01-01T01:32:00 -3871945.77 -1579709.166 -5745515.976 5305.7900192 2977.6206975 -4395.9213795
2025-01-01T01:33:00 -3545345.001 -1399454.283 -5997617.726 5577.3603577 3028.48602 -4004.6985509
2025-01-01T01:34:00 -3203099.073 -1216577.406 -6225763.041 5827.1061374 3065.025556 -3597.6395176
2025-01-01T01:35:00 -2846550.621 -1031936.511 -6429050.187 6053.9372419 3087.3027937 -3176.3682023
2025-01-01T01:36:00 -2477104.934 -846383.8 -6606676.455 6256.8552159 3095.4460429 -2742.5599959
2025-01-01T01:37:00 -2096224.379 -660761.878 -6757941.022 6434.9570776 3089.6468685 -2297.9347691
2025-01-01T01:38:00 -1705422.57 -475900.012 -6882247.412 6587.4379357 3070.1580389 -1844.2497915
2025-01-01T01:39:00 -1306258.416 -292610.522 -6979105.559 6713.5929706 3037.2910395 -1383.2939009
2025-01-01T01:40:00 -900330.035 -111685.328 -7048133.552 6812.8204645 2991.4140636 -916.8822999
2025-01-01T01:41:00 -489268.494 66107.38 -7089059.009 6884.6247512 2932.9497567 -446.8497825
2025-01-01T01:42:00 -74731.364 240026.345 -7101720.064 6928.6180017 2862.3725766 24.9556393
2025-01-01T01:43:00 341603.816 409360.263 -7086065.962 6944.5224366 2780.2058565 496.6795395
2025-01-01T01:44:00 758046.145 573430.593 -7042157.247 6932.171374 2687.0180702 966.4672468
2025-01-01T01:45:00 1172898.115 731594.201 -6970165.605 6891.5110214 2583.4204514 1432.4698204
2025-01-01T01:46:00 1584462.4 883245.847 -6870373.303 6822.6010665 2470.0643135 1892.8512888
2025-01-01T01:47:00 1991048.642 1027820.48 -6743172.229 6725.61482 2347.6376017 2345.7947049
2025-01-01T01:48:00 2390980.336 1164795.349 -6589062.548 6600.8404918 2216.8617144 2789.5089148
2025-01-01T01:49:00 2782601.709 1293691.896 -6408650.915 6448.6802981 2078.4874623 3222.2366768
2025-01-01T01:50:00 3164284.465 1414077.383 -6202648.263 6269.6483842 1933.2910748 3642.2601485
2025-01-01T01:51:00 3534434.517 1525566.329 -5971867.283 6064.3704756 1782.0708184 4047.9062411
2025-01-01T01:52:00 3891498.657 1627821.72 -5717219.531 5833.5829824 1625.6432074 4437.5534769
2025-01-01T01:53:00 4233971.118 1720555.977 -5439712.161 5578.1311628 1464.8392751 4809.6381249
2025-01-01T01:54:00 4560400.09 1803531.736 -5140444.236 5298.9674832 1300.5009295 5162.6612557
2025-01-01T01:55:00 4869394.028 1876562.361 -4820602.64 4997.1479188 1133.4765697 5495.1957226
2025-01-01T01:56:00 5159627.774 1939512.217 -4481457.58 4673.828359 964.6170113 5805.8915748
2025-01-01T01:57:00 5429848.417 1992296.684 -4124357.813 4330.2609832 794.7714837 6093.4822148
2025-01-01T01:58:00 5678880.946 2034881.948 -3750725.444 3967.7893499 624.7834778 6356.7897763
2025-01-01T01:59:00 5905633.616 2067284.533 -3362050.459 3587.8444074 455.4867557 6594.7298544
2025-01-01T02:00:00 6109103.033 2089570.597 -2959884.972 3191.9397631 287.7014824 6806.3177934
2025-01-01T02:01:00 6288378.934 2101855.005 -2545837.036 2781.6648783 122.2303179 6990.6741008
2025-01-01T02:02:00 6442648.544 2104300.154 -2121564.196 2358.6784507 -40.1456469 7147.0286281
2025-01-01T02:03:00 6571200.498 2097114.556 -1688766.849 1924.7012716 -198.6710724 7274.7245047
2025-01-01T02:04:00 6673428.364 2080551.176 -1249181.332 1481.5091216 -352.6199652 7373.2208626
2025-01-01T02:05:00 6748833.746 2054905.58 -804572.843 1030.9259751 -501.2990335 7442.0966954
2025-01-01T02:06:00 6797028.897 2020513.848 -356728.177 574.8145418 -644.051638 7481.0541393
2025-01-01T02:07:00 6817738.747 1977750.276 92551.711 115.0666243 -780.2609899 7489.9188591
2025-01-01T02:08:00 6810802.417 1927024.915 541459.121 -346.4045294 -909.3525196 7468.6396699
2025-01-01T02:09:00 6776174.295 1868780.959 988186.969 -807.6709105 -1030.7963864 7417.2894593
2025-01-01T02:10:00 6713924.685 1803491.985 1430936.326 -1266.7985735 -1144.1101527 7336.0670372
2025-01-01T02:11:00 6624239.836 1731659.024 1867923.965 -1721.8582616 -1248.8615303 7225.2965081
2025-01-01T02:12:00 6507421.372 1653807.49 2297389.8 -2170.9347917 -1344.670294 7085.4247305
2025-01-01T02:13:00 6363885.205 1570484.021 2717604.164 -2612.1351472 -1431.2093298 6917.0185643
2025-01-01T02:14:00 6194159.962 1482253.262 3126874.958 -3043.5964836 -1508.2057546 6720.7629887
2025-01-01T02:15:00 5998884.906 1389694.575 3523554.666 -3463.4954924 -1575.4419466 6497.4583783
2025-01-01T02:16:00 5778807.289 1293398.703 3906047.136 -3870.0571378 -1632.7564101 6248.0159611
2025-01-01T02:17:00 5534779.226 1193964.392 4272814.084 -4261.5622312 -1680.0436076 5973.4524321
2025-01-01T02:18:00 5267754.144 1091995.065 4622381.287 -4636.3536461 -1717.2530948 5674.8853974
2025-01-01T02:19:00 4978782.871 988095.517 4953344.499 -4992.8434018 -1744.3897308 5353.529693
2025-01-01T02:20:00 4669009.246 882868.596 5264375.144 -5329.5205437 -1761.5133946 5010.691702
2025-01-01T02:21:00 4339665.275 776911.938 5554225.634 -5644.9573924 -1768.7376156 4647.763109
2025-01-01T02:22:00 3992065.985 670814.79 5821734.275 -5937.8159486 -1766.228271 4266.2146762
2025-01-01T02:23:00 3627603.854 565154.928 6065829.796 -6206.8530979 -1754.2015777 3867.588419
2025-01-01T02:24:00 3247743.011 460495.699 6285535.426 -6450.924043 -1732.9218023 3453.4913796
2025-01-01T02:25:00 2854013.208 357383.199 6479972.641 -6668.9866601 -1702.6993959 3025.5901428
2025-01-01T02:26:00 2448003.55 256343.562 6648364.514 -6860.1059636 -1663.8890446 2585.603924
2025-01-01T02:27:00 2031355.932 157880.377 6790038.685 -7023.4573496 -1616.8870887 2135.2977945
2025-01-01T02:28:00 1605758.319 62472.266 6904429.922 -7158.3301899 -1562.1288777 1676.4764285
2025-01-01T02:29:00 1172937.823 -29429.372 6991082.268 -7264.1312472 -1500.0862516 1210.9763943
2025-01-01T02:30:00 734653.577 -117402.477 7049650.714 -7340.3861937 -1431.2645888 740.6582074
2025-01-01T02:31:00 292689.567 -201056.228 7079902.442 -7386.7409516 -1356.1993522 267.3998417
2025-01-01T02:32:00 -151152.61 -280032.756 7081717.66 -7402.9633825 -1275.4529983 -206.9101682
2025-01-01T02:33:00 -595061.115 -354008.668 7055090.032 -7388.9440455 -1189.6116309 -680.3798034
2025-01-01T02:34:00 -1037221.256 -422696.365 7000126.671 -7344.6969493 -1099.2817281 -1151.1204653
2025-01-01T02:35:00 -1475822.862 -485845.161 6917047.722 -7270.3595155 -1005.0867903 -1617.2543994
2025-01-01T02:36:00 -1909067.706 -543242.204 6806185.501 -7166.1918614 -907.6637226 -2076.9213149
2025-01-01T02:37:00 -2335176.848 -594713.171 6667983.251 -7032.576437 -807.6592871 -2528.2849584
2025-01-01T02:38:00 -2752397.921 -640122.743 6502993.505 -6870.0171076 -705.7263507 -2969.5399383
2025-01-01T02:39:00 -3159012.424 -679374.867 6311876.015 -6679.1380038 -602.5203063 -3398.9186072
2025-01-01T02:40:00 -3553342.856 -712412.808 6095395.295 -6460.6817971 -498.6958298 -3814.6979986
2025-01-01T02:41:00 -3933759.797 -739219.007 5854417.71 -6215.5073786 -394.9033686 -4215.2066917
2025-01-01T02:42:00 -4298688.758 -759814.709 5589908.208 -5944.5873037 -291.7855602 -4598.8317588
2025-01-01T02:43:00 -4646616.934 -774259.401 5302926.564 -5649.0040334 -189.9738389 -4964.0262414
2025-01-01T02:44:00 -4976099.662 -782650.034 4994623.226 -5329.9453524 -90.0849419 -5309.315139
2025-01-01T02:45:00 -5285766.597 -785120.039 4666234.848 -4988.7007522 7.2822524 -5633.3017543
2025-01-01T02:46:00 -5574327.677 -781838.159 4319079.361 -4626.6555497 101.5503084 -5934.6743619
2025-01-01T02:47:00 -5840578.698 -773007.056 3954550.708 -4245.2850707 192.1664106 -6212.2111327
2025-01-01T02:48:00 -6083406.525 -758861.754 3574113.344 -3846.1491382 278.6051697 -6464.7851503
2025-01-01T02:49:00 -6301794.003 -739667.901 3179296.363 -3430.8861927 360.3716239 -6691.369318
2025-01-01T02:50:00 -6494824.501 -715719.859 2771687.345 -3001.2071718 437.0041372 -6891.0414376
2025-01-01T02:51:00 -6661686.027 -687338.622 2352925.946 -2558.8881396 508.0769253 -7062.9894912
2025-01-01T02:52:00 -6801674.897 -654869.604 1924697.13 -2105.7617625 573.2021494 -7206.5156137
2025-01-01T02:53:00 -6914198.884 -618680.3 1488724.206 -1643.7090295 632.0319129 -7321.0392604
2025-01-01T02:54:00 -6998779.85 -579157.83 1046761.76 -1174.6507729 684.2602669 -7406.099793
2025-01-01T02:55:00 -7055055.89 -536706.372 600588.349 -700.5389257 729.6248905 -7461.3586599
2025-01-01T02:56:00 -7082782.924 -491744.496 151999.145 -223.3477098 767.9084045 -7486.6007132
2025-01-01T02:57:00 -7081835.779 -444702.441 -297201.503 254.9351499 798.9395571 -7481.7353788
2025-01-01T02:58:00 -7052208.709 -396019.314 -745207.558 732.3180635 822.5940661 -7446.7971393
2025-01-01T02:59:00 -6994015.337 -346140.256 -1190218.787 1206.815197 838.795039 -7381.9445491
2025-01-01T03:00:00 -6907488.05 -295513.602 -1630448.149 1676.454817 847.5129686 -7287.4583691
2025-01-01T03:01:00 -6792976.93 -244588.041 -2064129.074 2139.286917 848.7654388 -7163.7404295
2025-01-01T03:02:00 -6650948.191 -193809.801 -2489522.719 2593.391983 842.6169467 -7011.3127739
2025-01-01T03:03:00 -6481982.052 -143619.836 -2904925.126 3036.89081 829.1786621 -6830.815215
2025-01-01T03:04:00 -6286770.056 -94451.052 -3308674.142 3467.9533437 808.6074401 -6623.0010622
2025-01-01T03:05:00 -6066111.891 -46725.608 -3699156.095 3884.80609 781.1045202 -6388.7326304
2025-01-01T03:06:00 -5820911.766 -852.292 -4074812.242 4285.7393128 746.91396 -6128.9770719
2025-01-01T03:07:00 -5552174.392 42775.99 -4434144.885 4669.1141448 706.3209665 -5844.8016658
2025-01-01T03:08:00 -5261000.525 83784.642 -4775723.227 5033.3689494 659.6502822 -5537.3684723
2025-01-01T03:09:00 -4948582.157 121819.688 -5098188.92 5377.0250032 607.264156 -5207.9292674
2025-01-01T03:10:00 -4616197.356 156549.948 -5400261.287 5698.6926758 549.5596351 -4857.8201073
2025-01-01T03:11:00 -4265204.775 187669.037 -5680742.163 5997.0766791 486.9659088 -4488.4548107
2025-01-01T03:12:00 -3897037.833 214897.228 -5938520.401 6270.980502 419.9418405 -4101.3187251
2025-01-01T03:13:00 -3513198.667 237983.151 -6172575.96 6519.3103347 348.9734502 -3697.9621845
2025-01-01T03:14:00 -3115251.91 256705.344 -6381983.601 6741.0778963 274.5710778 -3279.9943136
2025-01-01T03:15:00 -2704818.239 270873.614 -6565916.27 6935.4035768 197.2662207 -2849.0777557
2025-01-01T03:16:00 -2283567.736 280330.217 -6723648.123 7101.5204478 117.6084361 -2406.922131
2025-01-01T03:17:00 -1853213.086 284950.846 -6854557.103 7238.7761074 36.1622358 -1955.2764718
2025-01-01T03:18:00 -1415502.646 284645.436 -6958127.126 7346.6338656 -46.495925 -1495.9231099
2025-01-01T03:19:00 -972213.451 279358.795 -7033949.896 7424.6742809 -129.7806323 -1030.6714476
2025-01-01T03:20:00 -525144.181 269071.045 -7081726.33 7472.5961946 -213.1007896 -561.3517551
2025-01-01T03:21:00 -76108.006 253797.855 -7101267.646 7490.2175418 -295.8630421 -89.8093356
2025-01-01T03:22:00 373074.597 233590.478 -7092496.074 7477.4766853 -377.4753172 382.1018215
2025-01-01T03:23:00 820583.054 208535.562 -7055445.173 7434.4327813 -457.3503402 852.5258916
2025-01-01T03:24:00 1264603.983 178754.777 -6990259.734 7361.2656124 -534.9084757 1319.6120456
2025-01-01T03:25:00 1703338.363 144404.265 -6897195.28 7258.2745056 -609.5808194 1781.5212389
2025-01-01T03:26:00 2135008.712 105673.902 -6776617.171 7125.8770174 -680.8123065 2236.4319274
2025-01-01T03:27:00 2557866.121 62786.375 -6628999.403 6964.6091302 -748.0648963 2682.5459806
2025-01-01T03:28:00 2970197.374 15996.059 -6454922.938 6775.1236714 -810.8208449 3118.0972554
2025-01-01T03:29:00 3370331.849 -34412.295 -6255073.575 6558.1864943 -868.5858877 3541.357895
2025-01-01T03:30:00 3756648.184 -88125.056 -6030239.518 6314.6743624 -920.8921078 3950.6437766
2025-01-01T03:31:00 4127580.897 -144801.374 -5781308.545 6045.572298 -967.3004964 4344.3205806
2025-01-01T03:32:00 4481626.81 -204074.999 -5509264.846 5751.9713593 -1007.4039863 4720.8097112
2025-01-01T03:33:00 4817351.298 -265556.287 -5215185.485 5435.0655267 -1040.8302479 5078.595857
2025-01-01T03:34:00 5133394.344 -328834.353 -4900236.361 5096.1465958 -1067.2439037 5416.2339278
2025-01-01T03:35:00 5428476.258 -393479.356 -4565667.816 4736.5992205 -1086.3488188 5732.3547332
2025-01-01T03:36:00 5701403.08 -459044.916 -4212809.943 4357.8960408 -1097.8902222 6025.670847
2025-01-01T03:37:00 5951071.711 -525070.656 -3843067.474 3961.5920045 -1101.6566565 6294.9823853
2025-01-01T03:38:00 6176474.68 -591084.863 -3457914.358 3549.318413 -1097.4819425 6539.1823186
2025-01-01T03:39:00 6376704.519 -656607.248 -3058888.072 3122.7768012 -1085.2466488 6757.2618206
2025-01-01T03:40:00 6550957.794 -721151.787 -2647583.528 2683.732005 -1064.8791384 6948.3156341
2025-01-01T03:41:00 6698538.67 -784229.609 -2225646.728 2234.0044085 -1036.3563847 7111.5467601
2025-01-01T03:42:00 6818862.001 -845351.94 -1794768.148 1775.4620708 -999.704582 7246.2702977
2025-01-01T03:43:00 6911455.955 -904033.063 -1356675.909 1310.0126492 -954.9995734 7351.9170634
2025-01-01T03:44:00 6975964.134 -959793.304 -913128.731 839.5947766 -902.3668859 7428.0365354
2025-01-01T03:45:00 7012147.175 -1012162.003 -465908.748 366.1697313 -841.9814851 7474.2990985
2025-01-01T03:46:00 7019883.863 -1060680.475 -16814.188 -108.2871006 -774.06735 7490.4985242
2025-01-01T03:47:00 6999171.685 -1104904.921 432348.098 -581.7960137 -698.8965681 7476.5537147
2025-01-01T03:48:00 6950126.797 -1144409.281 879770.155 -1052.3825545 -616.7881944 7432.508258
2025-01-01T03:49:00 6872983.476 -1178788.022 1323650.356 -1518.0849525 -528.1071515 7358.5302818
2025-01-01T03:50:00 6768093.103 -1207658.833 1762200.927 -1976.9634859 -433.2622005 7254.9135927
2025-01-01T03:51:00 6635922.506 -1230665.187 2193655.482 -2427.111083 -332.703666 7122.0759803
2025-01-01T03:52:00 6477051.738 -1247478.767 2616276.321 -2866.6620314 -226.9211396 6960.5560098
2025-01-01T03:53:00 6292171.374 -1257801.748 3028361.61 -3293.7992884 -116.4410241 6771.010256
2025-01-01T03:54:00 6082079.352 -1261368.93 3428252.396 -3706.7624223 -1.824049 6554.2107202
2025-01-01T03:55:00 5847677.333 -1257949.726 3814339.42 -4103.8555177 116.337249 6311.0410409
2025-01-01T03:56:00 5589966.62 -1247349.978 4185069.68 -4483.4547899 237.421722 6042.4927251
2025-01-01T03:57:00 5310043.588 -1229413.555 4538952.784 -4844.0156481 360.7835489 5749.6598401
2025-01-01T03:58:00 5009094.764 -1204023.74 4874566.941 -5184.0785435 485.7552423 5433.7341391
2025-01-01T03:59:00 4688391.554 -1171104.424 5190564.65 -5502.2751328 611.6514462 5095.9997728
2025-01-01T04:00:00 4349284.585 -1130621.054 5485678.096 -5797.3335302 737.7727884 4737.8273941
2025-01-01T04:01:00 3993197.779 -1082581.388 5758724.148 -6068.0831643 863.4088018 4360.6681001
2025-01-01T04:02:00 3621622.147 -1027036.057 6008608.99 -6313.4594201 987.8415819 3966.0471426
2025-01-01T04:03:00 3236109.299 -964078.884 6234332.375 -6532.5072372 1110.3499471 3555.5568493
2025-01-01T04:04:00 2838264.788 -893846.967 6434991.446 -6724.3835744 1230.213065 3130.8501365
2025-01-01T04:05:00 2429741.344 -816520.559 6609784.189 -6888.3601903 1346.7140744 2693.6349068
2025-01-01T04:06:00 2012231.849 -732322.705 6758012.552 -7023.8269818 1459.1439689 2245.6669892
2025-01-01T04:07:00 1587462.189 -641518.661 6879085.075 -7130.2938466 1566.8052639 1788.7425425
2025-01-01T04:08:00 1157184.042 -544415.096 6972519.09 -7207.3920331 1669.0158347 1324.6905913
2025-01-01T04:09:00 723167.553 -441359.049 7037942.473 -7254.8740281 1765.112536 855.3656724
2025-01-01T04:10:00 287194.09 -332736.702 7075094.986 -7272.6139318 1854.4544351 382.6419324
2025-01-01T04:11:00 -148951.112 -218971.93 7083829.252 -7260.607821 1936.4264567 -91.5942214
2025-01-01T04:12:00 -583486.197 -100524.652 7064111.268 -7218.9731336 2010.4430429 -565.4510134
2025-01-01T04:13:00 -1014639.992 22111.049 7016020.525 -7147.9480589 2075.951368 -1037.0384161
2025-01-01T04:14:00 -1440659.224 148408.985 6939749.679 -7047.8901448 2132.434443 -1504.4753282
2025-01-01T04:15:00 -1859815.578 277813.093 6835603.822 -6919.2744708 2179.4142129 -1965.8961784
2025-01-01T04:16:00 -2270412.743 409739.875 6703999.345 -6762.6920998 2216.4545905 -2419.457742
2025-01-01T04:17:00 -2670793.308 543581.003 6545462.377 -6578.8475835 2243.164299 -2863.3463417
2025-01-01T04:18:00 -3059345.443 678706.07 6360626.826 -6368.5561775 2259.1993802 -3295.7842499
2025-01-01T04:19:00 -3434509.503 814465.521 6150232.016 -6132.741357 2264.2657036 -3715.036547
2025-01-01T04:20:00 -3794784.431 950193.704 5915119.886 -5872.4313708 2258.1211203 -4119.418574
2025-01-01T04:21:00 -4138733.878 1085212.04 5656231.787 -5588.7550389 2240.5774021 -4507.3027235
2025-01-01T04:22:00 -4464992.138 1218832.329 5374604.841 -5282.9371885 2211.5023405 -4877.1253332
2025-01-01T04:23:00 -4772269.765 1350360.168 5071367.899 -4956.2936966 2170.8214438 -5227.3930674
2025-01-01T04:24:00 -5059358.85 1479098.435 4747737.151 -4610.2262804 2118.5189705 -5556.6895883
2025-01-01T04:25:00 -5325138.014 1604350.851 4405011.298 -4246.2162015 2054.6387221 -5863.681674
2025-01-01T04:26:00 -5568576.983 1725425.57 4044566.398 -3865.8179744 1979.2848193 -6147.1246844
2025-01-01T04:27:00 -5788740.794 1841638.814 3667850.399 -3470.6530159 1892.622056 -6405.867926
2025-01-01T04:28:00 -5984793.605 1952318.509 3276377.345 -3062.402931 1794.8758065 -6638.859876
2025-01-01T04:29:00 -6156002.102 2056807.917 2871721.265 -2642.8023247 1686.33177 -6845.1530937
2025-01-01T04:30:00 -6301738.448 2154469.235 2455509.805 -2213.6312346 1567.3352619 -7023.9085733
2025-01-01T04:31:00 -6421482.779 2244687.144 2029417.6 -1776.7076096 1438.2903506 -7174.3999085
2025-01-01T04:32:00 -6514825.242 2326872.303 1595159.382 -1333.8788772 1299.6585678 -7296.0174284
2025-01-01T04:33:00 -6581467.489 2400464.74 1154482.873 -887.012881 1151.9569323 -7388.2711147
2025-01-01T04:34:00 -6621223.633 2464937.109 709161.577 -437.9892785 995.7556216 -7450.7923227
2025-01-01T04:35:00 -6634020.723 2519797.807 260987.445 11.3084305 831.6755272 -7483.3353692
2025-01-01T04:36:00 -6619898.718 2564593.946 -188236.593 459.0017629 660.3856344 -7485.7792158
2025-01-01T04:37:00 -6579009.901 2598914.136 -636704.069 903.2263604 482.5997594 -7458.1274775
2025-01-01T04:38:00 -6511617.796 2622391.083 -1082612.45 1342.1399134 299.0734633 -7400.5078443
2025-01-01T04:39:00 -6418095.602 2634704 -1524170.592 1773.9302706 110.6007479 -7313.1717654
2025-01-01T04:40:00 -6298924.13 2635580.797 -1959606.136 2196.8238873 -81.9897052 -7196.4935569
2025-01-01T04:41:00 -6154689.231 2624800.048 -2387172.797 2609.094554 -277.8386285 -7050.968127
2025-01-01T04:42:00 -5986078.717 2602192.685 -2805157.527 3009.0707406 -476.0606133 -6877.2076258
2025-01-01T04:43:00 -5793878.878 2567643.446 -3211887.461 3395.142511 -675.7483841 -6675.9383511
2025-01-01T04:44:00 -5578970.586 2521092.048 -3605736.614 3765.7683214 -875.9772157 -6447.9968125
2025-01-01T04:45:00 -5342324.999 2462534.109 -3985132.407 4119.481058 -1075.8092259 -6194.3253868
2025-01-01T04:46:00 -5084998.915 2392021.804 -4348561.87 4454.8939405 -1274.2978382 -5915.9677716
2025-01-01T04:47:00 -4808129.807 2309664.25 -4694577.551 4770.705857 -1470.4922964 -5614.0637271
2025-01-01T04:48:00 -4512930.517 2215627.624 -5021803.132 5065.7059431 -1663.4420596 -5289.8434858
2025-01-01T04:49:00 -4200683.732 2110135.02 -5328938.691 5338.7774654 -1852.2011386 -4944.6220601
2025-01-01T04:50:00 -3872736.247 1993466.05 -5614765.591 5588.9011619 -2035.8323639 -4579.7936554
2025-01-01T04:51:00 -3530492.997 1865956.183 -5878151.098 5815.1584291 -2213.4117955 -4196.8261406
2025-01-01T04:52:00 -3175410.937 1727995.807 -6118052.616 6016.7343203 -2384.0332293 -3797.2551304
2025-01-01T04:53:00 -2808992.755 1580029.056 -6333521.547 6192.9201369 -2546.812308 -3382.6776086
2025-01-01T04:54:00 -2432780.401 1422552.366 -6523706.794 6343.1157362 -2700.8903968 -2954.7449668
2025-01-01T04:55:00 -2048348.568 1256112.827 -6687857.783 6466.8303002 -2845.4385954 -2515.1558285
2025-01-01T04:56:00 -1657298.094 1081306.259 -6825327.135 6563.6824007 -2979.6617071 -2065.6500298
2025-01-01T04:57:00 -1261249.427 898775.105 -6935572.934 6633.4008251 -3102.8017845 -1608.0024778
2025-01-01T04:58:00 -861835.969 709206.084 -7018160.645 6675.8246079 -3214.1413091 -1144.0163714
2025-01-01T04:59:00 -460697.478 513327.664 -7072764.626 6690.9021389 -3313.0064648 -675.5172435
2025-01-01T05:00:00 -59473.562 311907.353 -7099169.301 6678.6908735 -3398.7708122 -204.3477658
2025-01-01T05:01:00 340202.907 105748.724 -7097270.012 6639.3576615 -3470.8590348 267.6389125
2025-01-01T05:02:00 736712.348 -104311.75 -7067073.412 6573.1778209 -3528.7499598 738.5866776
2025-01-01T05:03:00 1128454.881 -317408.001 -7008697.441 6480.5332244 -3571.9790838 1206.6432465
2025-01-01T05:04:00 1513856.686 -532647.86 -6922370.898 6361.9100178 -3600.1412241 1669.9666859
2025-01-01T05:05:00 1891376.195 -749116.7 -6808432.634 6217.8960848 -3612.8930343 2126.7311311
2025-01-01T05:06:00 2259510.104 -965881.205 -6667330.436 6049.1798163 -3609.9558473 2575.1328993
2025-01-01T05:07:00 2616799.376 -1181993.337 -6499619.438 5856.5472573 -3591.1176455 3013.3984354
2025-01-01T05:08:00 2961834.977 -1396494.374 -6305960.129 5640.8781265 -3556.2342706 3439.7901302
2025-01-01T05:09:00 3293263.372 -1608419.02 -6087116.058 5403.1429901 -3505.2316022 3852.6115878
2025-01-01T05:10:00 3609791.932 -1816799.699 -5843951.149 5144.4006561 -3438.1078839 4250.2144836
2025-01-01T05:11:00 3910194.105 -2020670.936 -5577426.581 4865.7938855 -3354.935003 4631.0065222
2025-01-01T05:12:00 4193314.283 -2219073.791 -5288597.233 4568.544001 -3255.8590612 4993.4575683
2025-01-01T05:13:00 4458072.381 -2411060.332 -4978607.783 4253.9463683 -3141.1009157 5336.105658
2025-01-01T05:14:00 4703468.127 -2595698.12 -4648688.425 3923.3650935 -3010.9561414 5657.5630354
2025-01-01T05:15:00 4928585.034 -2772074.692 -4300150.25 3578.2280148 -2865.7948939 5956.5218087
2025-01-01T05:16:00 5132594.058 -2939302.019 -3934380.284 3220.0212799 -2706.0615514 6231.7599549
2025-01-01T05:17:00 5314756.926 -3096520.942 -3552836.147 2850.2833112 -2532.2738295 6482.1471803
2025-01-01T05:18:00 5474429.087 -3242905.538 -3157040.375 2470.598468 -2345.0214607 6706.6504913
2025-01-01T05:19:00 5611062.247 -3377667.382 -2748574.439 2082.5899185 -2144.9644215 6904.3397134
2025-01-01T05:20:00 5724206.471 -3500059.686 -2329072.435 1687.9119737 -1932.8303797 7074.391589
2025-01-01T05:21:00 5813511.859 -3609381.307 -1900214.534 1288.2435139 -1709.4124415 7216.0933477
2025-01-01T05:22:00 5878729.799 -3704980.583 -1463720.268 885.2807377 -1475.5665742 7328.8471871
2025-01-01T05:23:00 5919713.764 -3786259.005 -1021341.499 480.7288832 -1232.2078964 7412.1736709
2025-01-01T05:24:00 5936419.618 -3852674.643 -574855.243 76.2945287 -980.3065591 7465.7138449
2025-01-01T05:25:00 5928905.479 -3903745.335 -126056.377 -326.321721 -720.8839594 7489.2313395
2025-01-01T05:26:00 5897331.115 -3939051.636 323249.74 -725.4334964 -455.0086348 7482.6141025
2025-01-01T05:27:00 5841956.859 -3958239.513 771254.789 -1119.3762815 -183.7916249 7445.8751446
2025-01-01T05:28:00 5763142.066 -3961022.737 1216155.019 -1506.5151046 91.6190392 7379.1535659
2025-01-01T05:29:00 5661343.097 -3947184.914 1656158.772 -1885.2529452 370.0445632 7282.7137835
2025-01-01T05:30:00 5537110.803 -3916581.161 2089493.966 -2254.0380697 650.2808125 7156.943028
2025-01-01T05:31:00 5391087.63 -3869139.487 2514415.399 -2611.3700939 931.1030059 7002.3495765
2025-01-01T05:32:00 5224004.343 -3804861.865 2929211.942 -2955.8067658 1211.2716885 6819.5613261
2025-01-01T05:33:00 5036676.326 -3723824.903 3332213.661 -3285.9705926 1489.5393658 6609.3222827
2025-01-01T05:34:00 4829999.531 -3626180.163 3721798.646 -3600.5540955 1764.6559603 6372.4884652
2025-01-01T05:35:00 4604946.143 -3512154.163 4096399.607 -3898.3249173 2035.3740127 6110.0246315
2025-01-01T05:36:00 4362559.887 -3382048.041 4454510.322 -4178.1315705 2300.4546102 5823.0004541
2025-01-01T05:37:00 4103951.004 -3236236.851 4794691.772 -4438.9088771 2558.6737228 5512.5850365
2025-01-01T05:38:00 3830290.98 -3075168.504 5115577.89 -4679.6814587 2808.8280796 5180.0407003
2025-01-01T05:39:00 3542807.044 -2899362.335 5415881.023 -4899.566647 3049.7407296 4826.7175135
2025-01-01T05:40:00 3242776.54 -2709407.381 5694396.999 -5097.7775519 3280.2664054 4454.0474224
2025-01-01T05:41:00 2931521.068 -2505960.307 5950009.877 -5273.6255893 3499.2964054 4063.5379734
2025-01-01T05:42:00 2610400.559 -2289743.094 6181696.266 -5426.5225861 3705.7636408 3656.7660194
2025-01-01T05:43:00 2280807.181 -2061540.371 6388529.291 -5555.9822053 3898.6475769 3235.3706682
2025-01-01T05:44:00 1944159.195 -1822196.478 6569682.143 -5661.6205418 4076.9786688 2801.0469145
2025-01-01T05:45:00 1601894.817 -1572612.304 6724431.213 -5743.1573247 4239.842849 2355.5391076
2025-01-01T05:46:00 1255465.953 -1313741.804 6852158.853 -5800.4161395 4386.3857753 1900.6334058
2025-01-01T05:47:00 906331.981 -1046588.29 6952355.666 -5833.3236396 4515.8169334 1438.1509234
2025-01-01T05:48:00 555953.629 -772200.509 7024622.399 -5841.9089525 4627.4133558 969.9408698
2025-01-01T05:49:00 205786.812 -491668.477 7068671.407 -5826.3027628 4720.5228097 497.8731316
2025-01-01T05:50:00 -142723.407 -206119.13 7084327.696 -5786.7354358 4794.5668894 23.8317494
2025-01-01T05:51:00 -488148.728 83288.172 7071529.574 -5723.5358041 4849.0444795 -450.2917817
2025-01-01T05:52:00 -829083.493 375366.398 7030328.873 -5637.1291924 4883.5344093 -922.6060861
2025-01-01T05:53:00 -1164150.41 668905.714 6960890.721 -5528.0348836 4897.6977543 -1391.2270469
2025-01-01T05:54:00 -1492006.071 962678.451 6863492.91 -5396.8632161 4891.2798423 -1854.2845236
2025-01-01T05:55:00 -1811346.363 1255444.248 6738524.858 -5244.3129968 4864.1124026 -2309.9289644
2025-01-01T05:56:00 -2120911.68 1545955.286 6586486.148 -5071.1682712 4816.1152398 -2756.3389806
2025-01-01T05:57:00 -2419491.915 1832961.602 6407984.629 -4878.2943222 4747.2972436 -3191.7279995
2025-01-01T05:58:00 -2705931.219 2115216.464 6203734.149 -4666.6340939 4657.7576314 -3614.3506199
2025-01-01T05:59:00 -2979132.561 2391481.834 5974551.866 -4437.2042565 4547.6868258 -4022.5096188
2025-01-01T06:00:00 -3238062.016 2660533.834 5721355.151 -4191.0911207 4417.36651 -4414.5629761
2025-01-01T06:01:00 -3481752.812 2921168.221 5445158.065 -3929.4459762 4267.1694285 -4788.9308911
2025-01-01T06:02:00 -3709309.069 3172205.833 5147067.432 -3653.4797844 4097.5587972 -5144.1022294
2025-01-01T06:03:00 -3919909.234 3412498.003 4828278.514 -3364.4579597 3909.0874867 -5478.6407047
2025-01-01T06:04:00 -4112809.17 3640931.888 4490070.36 -3063.6949427 3702.3966862 -5791.1913397
2025-01-01T06:05:00 -4287344.923 3856435.708 4133800.734 -2752.5481798 3478.2138115 -6080.4862503
2025-01-01T06:06:00 -4442935.147 4057983.881 3760900.697 -2432.4124898 3237.3504347 -6345.3503937
2025-01-01T06:07:00 -4579083.137 4244601.953 3372868.895 -2104.7134264 2980.6991246 -6584.7074334
2025-01-01T06:08:00 -4695378.463 4415371.381 2971265.485 -1770.9002734 2709.2304734 -6797.5840828
2025-01-01T06:09:00 -4791498.213 4569434.117 2557705.806 -1432.4398152 2423.9895481 -6983.1147652
2025-01-01T06:10:00 -4867207.842 4705996.939 2133853.782 -1090.8096371 2126.0913805 -7140.5459662
2025-01-01T06:11:00 -4922361.606 4824335.502 1701415.119 -747.4912618 1816.7161364 -7269.2396812
2025-01-01T06:12:00 -4956902.609 4923798.1 1262130.25 -403.9634917 1497.1039267 -7368.6762807
2025-01-01T06:13:00 -4970862.434 5003809.097 817767.173 -61.6957021 1168.5494987 -7438.4567245
2025-01-01T06:14:00 -4964360.375 5063872.05 370114.18 277.8587721 832.3970242 -7478.3044798
2025-01-01T06:15:00 -4937602.28 5103572.508 -79027.575 613.2692476 490.0342061 -7488.0672602
2025-01-01T06:16:00 -4890878.997 5122580.427 -527851.569 943.1343274 142.886009 -7467.7182902
2025-01-01T06:17:00 -4824564.381 5120652.209 -974553.442 1266.0899025 -207.5924641 -7417.3570246
2025-01-01T06:18:00 -4739112.831 5097632.266 -1417338.532 1580.8159837 -559.9236132 -7337.2061845
2025-01-01T06:19:00 -4635056.544 5053454.209 -1854429.199 1886.0398494 -912.6127427 -7227.6103072
2025-01-01T06:20:00 -4513002.518 4988141.662 -2284072.117 2180.5422805 -1264.155551 -7089.0357703
2025-01-01T06:21:00 -4373629.135 4901808.6 -2704545.527 2463.1637484 -1613.0456731 -6922.0671871
2025-01-01T06:22:00 -4217682.44 4794659.28 -3114166.214 2732.8090571 -1957.7812258 -6727.4041254
2025-01-01T06:23:00 -4045972.15 4666987.761 -3511296.27 2988.4517487 -2296.8719203 -6505.8570122
2025-01-01T06:24:00 -3859367.42 4519177.013 -3894349.64 3229.137578 -2628.8452049 -6258.3426566
2025-01-01T06:25:00 -3658792.406 4351697.675 -4261798.358 3453.9880349 -2952.2526661 -5985.8802774
2025-01-01T06:26:00 -3445221.612 4165106.382 -4612178.569 3662.2035248 -3265.6768808 -5689.585887
2025-01-01T06:27:00 -3219675.125 3960043.766 -4944096.114 3853.0647344 -3567.7365219 -5370.6667803
2025-01-01T06:28:00 -2983213.731 3737232.117 -5256231.914 4025.9346975 -3857.0919716 -5030.4172259
2025-01-01T06:29:00 -2736933.897 3497472.687 -5547347.033 4180.260988 -4132.4513172 -4670.212945
2025-01-01T06:30:00 -2481962.675 3241642.689 -5816287.353 4315.5771713 -4392.5759256 -4291.505141
2025-01-01T06:31:00 -2219452.493 2970691.914 -6061987.94 4431.5037936 -4636.2858399 -3895.8141382
2025-01-01T06:32:00 -1950575.915 2685639.054 -6283477.002 4527.7488158 -4862.464755 -3484.7227426
2025-01-01T06:33:00 -1676520.422 2387567.772 -6479879.397 4604.1074658 -5070.0644318 -3059.869297
2025-01-01T06:34:00 -1398483.183 2077622.496 -6650419.792 4660.461168 -5258.1080189 -2622.941214
2025-01-01T06:35:00 -1117665.903 1757004.015 -6794425.452 4696.7769805 -5425.6940344 -2175.6698786
2025-01-01T06:36:00 -835269.712 1426964.844 -6911328.659 4713.1073668 -5572.000994 -1719.8234956
2025-01-01T06:37:00 -552490.077 1088804.312 -7000668.701 4709.5879375 -5696.290083 -1257.1994721
2025-01-01T06:38:00 -270511.884 743863.523 -7062093.46 4686.4352586 -5797.9076897 -789.6193621
2025-01-01T06:39:00 9495.365 393520.178 -7095360.696 4643.9458953 -5876.2886853 -318.9232111
2025-01-01T06:40:00 286382.338 39183.144 -7100338.952 4582.4950921 -5930.9595821 153.0375042
2025-01-01T06:41:00 559024.521 -317713.111 -7077008.017 4502.5343281 -5961.5406661 624.4072503
2025-01-01T06:42:00 826326.7 -675714.19 -7025458.973 4404.5883246 -5967.747679 1093.3327681
2025-01-01T06:43:00 1087227.267 -1033351.551 -6945893.871 4289.2521434 -5949.3938446 1557.9695045
2025-01-01T06:44:00 1340702.344 -1389148.402 -6838625.01 4157.1877787 -5906.3908897 2016.488051
2025-01-01T06:45:00 1585769.715 -1741625.639 -6704073.866 4009.1215063 -5838.7503187 2467.079494
2025-01-01T06:46:00 1821492.601 -2089307.875 -6542769.666 3845.8411752 -5746.584804 2907.9623874
2025-01-01T06:47:00 2046983.233 -2430729.528 -6355347.53 3668.1919068 -5630.1085092 3337.389297
2025-01-01T06:48:00 2261406.189 -2764440.94 -6142546.262 3477.0726939 -5489.6379775 3753.6523571
2025-01-01T06:49:00 2463981.516 -3089014.532 -5905205.781 3273.433154 -5325.5929854 4155.0904935
2025-01-01T06:50:00 2653987.647 -3403050.985 -5644264.075 3058.2692438 -5138.4957331 4540.0972119
2025-01-01T06:51:00 2830764.056 -3705185.36 -5360753.691 2832.6184135 -4928.9688828 4907.1275659
2025-01-01T06:52:00 2993713.58 -3994093.018 -5055797.901 2597.5549169 -4697.7334497 5254.7036039
2025-01-01T06:53:00 3142304.498 -4268495.496 -4730606.502 2354.1850781 -4445.6071793 5581.4200733
2025-01-01T06:54:00 3276072.314 -4527166.249 -4386471.288 2103.6425399 -4173.5025546 5885.9497946
2025-01-01T06:55:00 3394621.266 -4768936.275 -4024761.19 1847.0839417 -3882.4245425 6167.0494548
2025-01-01T06:56:00 3497625.549 -4992699.566 -3646917.09 1585.6839695 -3573.4679031 6423.5655011
2025-01-01T06:57:00 3584830.251 -5197418.417 -3254446.228 1320.6298714 -3247.8137135 6654.4403667
2025-01-01T06:58:00 3656051.928 -5382128.458 -2848916.263 1053.1157292 -2906.7243583 6858.7180694
2025-01-01T06:59:00 3711178.85 -5545943.358 -2431949.075 784.3371415 -2551.5382195 7035.5486605
2025-01-01T07:00:00 3750170.935 -5688059.247 -2005214.251 515.4858826 -2183.6644871 7184.1920138
2025-01-01T07:01:00 3773059.361 -5807758.806 -1570422.385 247.7444665 -1804.5781988 7304.0218395
2025-01-01T07:02:00 3779945.832 -5904415.035 -1129318.148 -17.7195851 -1415.8138348 7394.5297868
2025-01-01T07:03:00 3771001.507 -5977494.608 -683673.09 -279.7596297 -1018.9580769 7455.3281931
2025-01-01T07:04:00 3746465.579 -6026560.788 -235278.347 -537.2555181 -615.64275 7486.1517244
2025-01-01T07:05:00 3706643.525 -6051275.925 214062.697 -789.1186173 -207.537801 7486.8584269
2025-01-01T07:06:00 3651905.083 -6051403.536 662541.889 -1034.2961773 203.655777 7457.4309326
2025-01-01T07:07:00 3582681.967 -6026809.936 1108353.811 -1271.7760941 616.2136589 7397.9778602
2025-01-01T07:08:00 3499465.254 -5977465.379 1549703.334 -1500.5926406 1028.3972692 7308.7340067
2025-01-01T07:09:00 3402802.446 -5903444.63 1984813.154 -1719.8312437 1438.4625925 7190.0574467
2025-01-01T07:10:00 3293294.311 -5804927.096 2411931.077 -1928.6316332 1844.6669036 7042.4276644
2025-01-01T07:11:00 3171591.492 -5682196.505 2829337.309 -2126.1920872 2245.2766243 6866.4437571
2025-01-01T07:12:00 3038390.907 -5535640.137 3235351.49 -2311.7724128 2638.5753289 6662.8216259
2025-01-01T07:13:00 2894431.975 -5365747.529 3628339.643 -2484.6965078 3022.8720229 6432.3904033
2025-01-01T07:14:00 2740492.691 -5173108.732 4006720.855 -2644.3548393 3396.5081642 6176.0887533
2025-01-01T07:15:00 2577385.566 -4958412.157 4368973.708 -2790.2070476 3757.865421 5894.9610986
2025-01-01T07:16:00 2405953.404 -4722441.904 4713642.49 -2921.7839444 4105.373544 5590.1519971
2025-01-01T07:17:00 2227065 -4466074.672 5039343.034 -3038.6880913 4437.5167237 5262.9004189
2025-01-01T07:18:00 2041610.834 -4190276.342 5344768.217 -3140.5947902 4752.8397719 4914.535425
2025-01-01T07:19:00 1850498.638 -3896098.098 5628693.223 -3227.2536407 5049.9554754 4546.4700801
2025-01-01T07:20:00 1654648.932 -3584672.154 5889980.365 -3298.4884587 5327.5504226 4160.1941055
2025-01-01T07:21:00 1454990.605 -3257207.209 6127583.459 -3354.1967229 5584.3899233 3757.2673309
2025-01-01T07:22:00 1252456.503 -2914983.562 6340551.858 -3394.3488406 5819.3225987 3339.3133424
2025-01-01T07:23:00 1047979.072 -2559347.96 6528034.102 -3418.9872519 6031.2852852 2908.0132439
2025-01-01T07:24:00 842486.089 -2191708.198 6689281.128 -3428.2253068 6219.3074714 2465.0985678
2025-01-01T07:25:00 636896.448 -1813527.429 6823649.118 -3422.2451912 6382.5147173 2012.3445977
2025-01-01T07:26:00 432116.098 -1426318.287 6930601.937 -3401.2959744 6520.1327992 1551.5645387
2025-01-01T07:27:00 229034.069 -1031636.744 7009713.191 -3365.6922276 6631.4918972 1084.6016751
2025-01-01T07:28:00 28518.619 -631075.781 7060667.778 -3315.811351 6716.028515 613.3214034
2025-01-01T07:29:00 -168586.456 -226258.949 7083263.04 -3252.0908926 6773.2875968 139.6054272
2025-01-01T07:30:00 -361465.362 181166.228 7077409.53 -3175.0262339 6802.9253395 -334.6554685
2025-01-01T07:31:00 -549333.683 589534.969 7043131.334 -3085.1675095 6804.7107555 -807.5690319
2025-01-01T07:32:00 -731441.575 997172.047 6980565.938 -2983.1163854 6778.526716 -1277.2485248
2025-01-01T07:33:00 -907076.759 1402398.656 6889963.694 -2869.5226016 6724.3708141 -1741.8195392
2025-01-01T07:34:00 -1075567.29 1803539.296 6771686.886 -2745.0805343 6642.3561385 -2199.426747
2025-01-01T07:35:00 -1236284.138 2198928.713 6626208.365 -2610.5257445 6532.7113784 -2648.2411213
2025-01-01T07:36:00 -1388643.559 2586918.858 6454109.76 -2466.6313898 6395.7805339 -3086.4665355
2025-01-01T07:37:00 -1532109.231 2965885.769 6256079.309 -2314.2045382 6232.0228857 -3512.3470916
2025-01-01T07:38:00 -1666194.159 3334236.451 6032909.208 -2154.0815255 6042.0111689 -3924.1744881
2025-01-01T07:39:00 -1790462.296 3690415.638 5785492.582 -1987.1236281 5826.4298059 -4320.293469
2025-01-01T07:40:00 -1904529.938 4032912.468 5514820.121 -1814.2137245 5586.0741133 -4699.1083326
2025-01-01T07:41:00 -2008066.895 4360267.049 5221976.284 -1636.2520202 5321.8477365 -5059.0905975
2025-01-01T07:42:00 -2100797.391 4671076.883 4908135.056 -1454.1513768 5034.759225 -5398.7853897
2025-01-01T07:43:00 -2182500.695 4964003.05 4574555.351 -1268.8328231 4725.9186542 -5716.8174058
2025-01-01T07:44:00 -2253011.468 5237776.175 4222576.08 -1081.2213187 4396.5338352 -6011.8969106
2025-01-01T07:45:00 -2312219.885 5491202.181 3853610.8 -892.2414214 4047.9056073 -6282.8260659
2025-01-01T07:46:00 -2360071.463 5723167.689 3469142.038 -702.8125611 3681.4221741 -6528.5043972
2025-01-01T07:47:00 -2396566.616 5932645.091 3070715.334 -513.8445421 3298.553689 -6747.9332212
2025-01-01T07:48:00 -2421759.95 6118697.313 2659932.967 -326.2331755 2900.8466909 -6940.2203147
2025-01-01T07:49:00 -2435759.289 6280482.208 2238447.434 -140.8557507 2489.9175109 -7104.5844582
2025-01-01T07:50:00 -2438724.423 6417256.513 1807954.703 41.4333769 2067.4450908 -7240.3589378
2025-01-01T07:51:00 -2430865.615 6528379.407 1370187.228 219.8068523 1635.163753 -7346.9944326
2025-01-01T07:52:00 -2412441.866 6613315.605 926906.818 393.468152 1194.8558375 -7424.0618016
2025-01-01T07:53:00 -2383758.942 6671638 479897.392 561.6554428 748.3435813 -7471.2543009
2025-01-01T07:54:00 -2345167.194 6703029.812 30957.549 723.645018 297.4809721 -7488.3887635
2025-01-01T07:55:00 -2297059.172 6707286.258 -418106.843 878.7544914 -155.8540751 -7475.4069521
2025-01-01T07:56:00 -2239867.045 6684315.726 -865490.227 1026.3460886 -609.7687562 -7432.3766693
2025-01-01T07:57:00 -2174059.827 6634140.38 -1309394.872 1165.8300965 -1062.3649976 -7359.4918574
2025-01-01T07:58:00 -2100140.392 6556896.154 -1748038.425 1296.6679451 -1511.7503267 -7257.070133
2025-01-01T07:59:00 -2018642.355 6452832.161 -2179661.216 1418.3736348 -1956.0454074 -7125.5489747
2025-01-01T08:00:00 -1930126.866 6322309.7 -2602533.344 1530.5157226 -2393.3916454 -6965.4836167
2025-01-01T08:01:00 -1835179.296 6165800.772 -3014961.682 1632.7184653 -2821.9587286 -6777.5439236
2025-01-01T08:02:00 -1734405.859 5983886.151 -3415296.692 1724.6628608 -3239.9524393 -6562.5119291
2025-01-01T08:03:00 -1628430.187 5777252.973 -3801939.01 1806.0875718 -3645.6231602 -6321.2780966
2025-01-01T08:04:00 -1517889.848 5546691.819 -4173345.834 1876.78952 -4037.273638 -6054.83631
2025-01-01T08:05:00 -1403432.837 5293093.352 -4528036.98 1936.6239417 -4413.2655888 -5764.2784839
2025-01-01T08:06:00 -1285714.103 5017444.632 -4864600.579 1985.5039995 -4772.0256134 -5450.7898628
2025-01-01T08:07:00 -1165392.072 4720825.013 -5181698.561 2023.400462 -5112.0516716 -5115.6441072
2025-01-01T08:08:00 -1043125.207 4404401.659 -5478071.804 2050.3410387 -5431.919221 -4760.1977064
2025-01-01T08:09:00 -919568.63 4069424.759 -5752544.897 2066.4094475 -5730.2869508 -4385.884158
2025-01-01T08:10:00 -795370.788 3717222.339 -6004030.599 2071.7441329 -6005.9021501 -3994.207624
2025-01-01T08:11:00 -671170.217 3349194.806 -6231533.877 2066.5366371 -6257.6055195 -3586.73637
2025-01-01T08:12:00 -547592.418 2966809.217 -6434155.542 2051.0296858 -6484.3352637 -3165.0957579
2025-01-01T08:13:00 -425246.849 2571593.348 -6611095.47 2025.5148404 -6685.1298315 -2730.9618184
2025-01-01T08:14:00 -304724.067 2165129.574 -6761655.493 1990.3302151 -6859.1312828 -2286.0559011
2025-01-01T08:15:00 -186593.009 1749048.541 -6885241.917 1945.8579575 -7005.5891035 -1832.1380242
2025-01-01T08:16:00 -71398.421 1325022.646 -6981367.635 1892.5218372 -7123.8625052 -1370.9999863
2025-01-01T08:17:00 40341.559 894759.398 -7049653.845 1830.784597 -7213.4222219 -904.4591381
2025-01-01T08:18:00 148137.654 459994.642 -7089831.404 1761.1449741 -7273.8529677 -434.3523641
2025-01-01T08:19:00 251531.525 22485.682 -7101741.786 1684.1350545 -7304.8554195 37.4713564
2025-01-01T08:20:00 350097.679 -415995.7 -7085337.587 1600.3172486 -7306.2465065 509.1578457
2025-01-01T08:21:00 443445.203 -853670.262 -7040682.669 1510.2809895 -7277.9599598 978.8533767
2025-01-01T08:22:00 531219.275 -1288758.299 -6967951.947 1414.6395001 -7220.0473547 1444.7111075
2025-01-01T08:23:00 613102.496 -1719486.725 -6867430.772 1314.02643 -7132.6776274 1904.8976914
2025-01-01T08:24:00 688816.013 -2144096.113 -6739513.96 1209.0924497 -7016.1370945 2357.5984087
2025-01-01T08:25:00 758120.446 -2560847.772 -6584704.496 1100.5018715 -6870.8303586 2801.0235693
2025-01-01T08:26:00 820816.585 -2968030.801 -6403611.812 988.9290745 -6697.2796831 3233.4160463
2025-01-01T08:27:00 876745.903 -3363969.138 -6196949.609 875.0550771 -6496.1233074 3653.0583022
2025-01-01T08:28:00 925790.854 -3747028.452 -5965533.286 759.5643389 -6268.1134323 4058.2788285
2025-01-01T08:29:00 967874.977 -4115622.887 -5710277.008 643.1413975 -6014.1140049 4447.4584107
2025-01-01T08:30:00 1002962.8 -4468221.728 -5432190.359 526.4673546 -5735.098133 4819.0362573
2025-01-01T08:31:00 1031059.521 -4803355.856 -5132374.666 410.2162013 -5432.1454157 5171.5160989
2025-01-01T08:32:00 1052210.473 -5119624.033 -4812018.947 295.0512396 -5106.4387787 5503.4725711
2025-01-01T08:33:00 1066500.385 -5415699.011 -4472395.445 181.6216846 -4759.2605994 5813.5577433
2025-01-01T08:34:00 1074052.428 -5690333.354 -4114854.79 70.5592137 -4391.9878806 6100.5073698
2025-01-01T08:35:00 1075027.062 -5942364.938 -3740820.838 -37.5253535 -4006.0869969 6363.1462812
2025-01-01T08:36:00 1069620.695 -6170722.183 -3351785.139 -142.0451772 -3603.1083798 6600.3936664
2025-01-01T08:37:00 1058064.15 -6374428.914 -2949301.125 -242.4404084 -3184.6807008 6811.2682977
2025-01-01T08:38:00 1040620.958 -6552608.855 -2534978.003 -338.1810533 -2752.5045398 6994.8936123
2025-01-01T08:39:00 1017585.481 -6704489.755 -2110474.301 -428.7699001 -2308.345155 7150.5023415
2025-01-01T08:40:00 989280.859 -6829407.024 -1677491.22 -513.7454809 -1854.0249921 7277.4404085
2025-01-01T08:41:00 956056.777 -6926806.942 -1237765.695 -592.6846661 -1391.4156412 7375.1705168
2025-01-01T08:42:00 918287.11 -6996249.343 -793063.35 -665.2046371 -922.4294596 7443.2749849
2025-01-01T08:43:00 876367.447 -7037409.816 -345171.221 -730.9647302 -449.0110793 7481.4577444
2025-01-01T08:44:00 830712.504 -7050081.388 104109.598 -789.6682641 26.8709697 7489.5458427
2025-01-01T08:45:00 781753.438 -7034175.698 552971.341 -841.064214 503.232949 7467.4910389
2025-01-01T08:46:00 729935.068 -6989723.629 999607.115 -884.9482937 978.0853372 7415.3704039
2025-01-01T08:47:00 675713.048 -6916875.389 1442218.434 -921.1637625 1449.4416041 7333.3864101
2025-01-01T08:48:00 619550.995 -6815900.049 1879022.687 -949.6019896 1915.3279599 7221.8665321
2025-01-01T08:49:00 561917.59 -6687184.488 2308260.626 -970.202905 2373.7927756 7081.2614688
2025-01-01T08:50:00 503283.651 -6531231.767 2728203.711 -982.9553082 2822.9163957 6912.1428925
2025-01-01T08:51:00 444119.207 -6348658.962 3137161.207 -987.8966896 3260.8194995 6715.199683
2025-01-01T08:52:00 384890.585 -6140194.499 3533487.154 -985.1129217 3685.6710206 6491.2344941
2025-01-01T08:53:00 326057.534 -5906675.022 3915587.082 -974.7369541 4095.69564 6241.1598871
2025-01-01T08:54:00 268070.451 -5649041.847 4281924.466 -956.9475728 4489.18133 5965.9948555
2025-01-01T08:55:00 211367.654 -5368336.909 4631027.009 -931.9683579 4864.4873934 5666.8602947
2025-01-01T08:56:00 156372.74 -5065698.254 4961492.586 -900.066101 5220.0517257 5344.9731946
2025-01-01T08:57:00 103492.056 -4742355.151 5271994.832 -861.5486119 5554.3966607 5001.6410192
2025-01-01T08:58:00 53112.307 -4399622.853 5561288.411 -816.7624904 5866.1350073 4638.2566739
2025-01-01T08:59:00 5598.291 -4038896.959 5828213.981 -766.0910133 6153.9765251 4256.2922588
2025-01-01T09:00:00 -38709.232 -3661647.442 6071702.713 -709.9517072 6416.7330782 3857.2916232
2025-01-01T09:01:00 -79495.519 -3269412.409 6290780.381 -648.7938551 6653.3223891 3442.8632474
2025-01-01T09:02:00 -116473.668 -2863791.649 6484571.042 -583.0957739 6862.77116 3014.6737795
2025-01-01T09:03:00 -149386.271 -2446439.986 6652300.357 -513.3616355 7044.218305 2574.4421088
2025-01-01T09:04:00 -178006.865 -2019060.474 6793298.516 -440.1184256 7196.9181703 2123.9327528
2025-01-01T09:05:00 -202141.224 -1583397.389 6907002.789 -363.9131382 7320.2431464 1664.9495988
2025-01-01T09:06:00 -221628.461 -1141229.009 6992959.699 -285.3094862 7413.6869285 1199.3289216
2025-01-01T09:07:00 -236341.919 -694360.331 7050826.718 -204.8842442 7476.866036 728.9317542
2025-01-01T09:08:00 -246189.863 -244615.653 7080373.553 -123.224105 7509.520914 255.6370876
2025-01-01T09:09:00 -251115.97 206168.915 7081483.011 -40.9222311 7511.5171379 -218.665359
2025-01-01T09:10:00 -251099.615 656152.966 7054151.414 41.4251955 7482.8457504 -692.0827124
2025-01-01T09:11:00 -246155.952 1103499.292 6998488.579 123.2222508 7423.622894 -1162.7257658
2025-01-01T09:12:00 -236335.793 1546381.415 6914717.394 203.8768931 7334.0896346 -1628.7158975
2025-01-01T09:13:00 -221725.267 1982991.057 6803172.959 282.80453 7214.6110292 -2088.1925089
2025-01-01T09:14:00 -202445.276 2411545.494 6664301.299 359.4310605 7065.6741911 -2539.3198505
2025-01-01T09:15:00 -178650.777 2830294.864 6498657.687 433.196055 6887.8868698 -2980.2930578
2025-01-01T09:16:00 -150529.859 3237529.374 6306904.581 503.5560002 6681.9763426 -3409.3453816
2025-01-01T09:17:00 -118302.638 3631586.362 6089809.115 569.9874478 6448.7864665 -3824.7558
2025-01-01T09:18:00 -82219.951 4010857.224 5848240.14 631.9902953 6189.2742406 -4224.8556614
2025-01-01T09:19:00 -42561.865 4373794.079 5583164.893 689.0908176 5904.5060923 -4608.0348642
2025-01-01T09:20:00 363.995 4718916.226 5295645.33 740.8445894 5595.6549653 -4972.7477923
2025-01-01T09:21:00 46224.283 5044816.463 4986834.01 786.8392121 5263.9967251 -5317.5210528
2025-01-01T09:22:00 94661.941 5350167.077 4657969.52 826.6969124 4910.9037391 -5640.9613961
2025-01-01T09:23:00 145298.328 5633725.385 4310371.525 860.0764941 4537.8371595 -5941.7605076
2025-01-01T09:24:00 197735.487 5894338.903 3945435.573 886.6756267 4146.3417571 -6218.6970901
2025-01-01T09:25:00 251558.535 6130950.305 3564627.782 906.2326729 3738.0446073 -6470.64204
2025-01-01T09:26:00 306338.167 6342602.247 3169478.979 918.5290873 3314.6494033 -6696.5683467
2025-01-01T09:27:00 361633.325 6528441.62 2761578.363 923.391913 2877.9251466 -6895.5590375
2025-01-01T09:28:00 416993.95 6687723.096 2342566.824 920.6938717 2429.6943052 -7066.8073117
2025-01-01T09:29:00 471963.72 6819812.224 1914130.306 910.3538504 1971.8292925 -7209.6187444
2025-01-01T09:30:00 526082.874 6924188.173 1477992.917 892.3384738 1506.2433831 -7323.4169558
2025-01-01T09:31:00 578891.098 7000445.889 1035909.764 866.6627497 1034.8812855 -7407.7449813
2025-01-01T09:32:00 629930.433 7048297.76 589659.721 833.3900556 559.71138 -7462.2673071
2025-01-01T09:33:00 678748.167 7067574.756 141038.115 792.632033 82.7166579 -7486.7722668
2025-01-01T09:34:00 724899.726 7058227.021 -308150.772 744.5480211 -394.1151029 -7481.1727394
2025-01-01T09:35:00 767951.498 7020323.886 -756101.181 689.3439817 -868.8001563 -7445.5059445
2025-01-01T09:36:00 807483.603 6954053.37 -1201013.284 627.2714202 -1339.3675232 -7379.9331174
2025-01-01T09:37:00 843092.584 6859721.146 -1641100.632 558.6261097 -1803.8678616 -7284.7385304
2025-01-01T09:38:00 874394.023 6737748.972 -2074597.504 483.7465633 -2260.3822531 -7160.3279387
2025-01-01T09:39:00 901025.051 6588672.624 -2499766.089 403.0123311 -2707.0307848 -7007.2263456
2025-01-01T09:40:00 922646.756 6413139.287 -2914903.595 316.8420922 -3141.9807872 -6826.0751399
2025-01-01T09:41:00 938946.469 6211904.495 -3318349.128 225.6914593 -3563.4547009 -6617.6289135
2025-01-01T09:42:00 949639.9 5985828.587 -3708490.371 130.0504633 -3969.7377994 -6382.7515921
2025-01-01T09:43:00 954473.132 5735872.724 -4083770.005 30.4409511 -4359.1852924 -6122.4120076
2025-01-01T09:44:00 953224.442 5463094.485 -4442691.879 -72.5861936 -4730.2290375 -5837.679133
2025-01-01T09:45:00 945705.958 5168643.082 -4783826.85 -178.4539753 -5081.3836938 -5529.7167583
2025-01-01T09:46:00 931765.138 4853754.23 -5105818.304 -286.5622855 -5411.25216 -5199.7779916
2025-01-01T09:47:00 911286.058 4519744.697 -5407387.36 -396.2911848 -5718.5305418 -4849.1997104
2025-01-01T09:48:00 884190.499 4168006.563 -5687337.727 -507.0043168 -6002.0127304 -4479.3969445
2025-01-01T09:49:00 850438.833 3800001.239 -5944560.208 -618.052286 -6260.5949345 -4091.8570203
2025-01-01T09:50:00 810030.703 3417253.2 -6178036.84 -728.7759636 -6493.2795696 -3688.1327094
2025-01-01T09:51:00 763005.509 3021343.496 -6386844.64 -838.5097727 -6699.1780082 -3269.8356733
2025-01-01T09:52:00 709442.693 2613903.181 -6570158.917 -946.5852442 -6877.513014 -2838.6299092
2025-01-01T09:53:00 649461.805 2196606.569 -6727256.232 -1052.3343705 -7027.6201837 -2396.2256553
2025-01-01T09:54:00 583222.379 1771164.386 -6857517.021 -1155.0930547 -7148.9503273 -1944.3738856
2025-01-01T09:55:00 510923.582 1339316.789 -6960427.817 -1254.2046936 -7241.071537 -1484.8589892
2025-01-01T09:56:00 432803.677 902826.355 -7035583.05 -1349.0234728 -7303.6690958 -1019.4923469
2025-01-01T09:57:00 349139.262 463470.982 -7082686.512 -1438.9178789 -7336.5468659 -550.1068338
2025-01-01T09:58:00 260244.299 23036.74 -7101552.416 -1523.2744108 -7339.6282771 -78.5488336
2025-01-01T09:59:00 166468.954 -416689.235 -7092105.975 -1601.5004248 -7312.9547969 393.3289998
2025-01-01T10:00:00 68198.252 -853925.821 -7054383.618 -1673.0269475 -7256.6848825 863.6729302
2025-01-01T10:01:00 -34149.435 -1286904.918 -6988532.886 -1737.3120322 -7171.0938496 1330.6341044
2025-01-01T10:02:00 -140124.113 -1713878.399 -6894811.947 -1793.8440661 -7056.5725006 1792.3748156
2025-01-01T10:03:00 -249246.082 -2133125.038 -6773588.746 -1842.145079 -6913.6263172 2247.0745168
2025-01-01T10:04:00 -361008.052 -2542957.367 -6625339.774 -1881.7736945 -6742.874522 2692.9368702
2025-01-01T10:05:00 -474877.41 -2941728.405 -6450648.387 -1912.327692 -6545.0476094 3128.1972568
2025-01-01T10:06:00 -590298.642 -3327838.267 -6250202.711 -1933.4463488 -6320.9839271 3551.1288544
2025-01-01T10:07:00 -706695.905 -3699740.544 -6024793.199 -1944.8130489 -6071.6271957 3960.0484351
2025-01-01T10:08:00 -823475.739 -4055948.526 -5775309.841 -1946.1577561 -5798.0235959 4353.3227849
2025-01-01T10:09:00 -940029.94 -4395041.278 -5502738.945 -1937.259243 -5501.318439 4729.3753459
2025-01-01T10:10:00 -1055738.544 -4715669.447 -5208159.55 -1917.947173 -5182.7520584 5086.6929514
2025-01-01T10:11:00 -1169972.943 -5016560.852 -4892739.412 -1888.1039015 -4843.6550818 5423.83216
2025-01-01T10:12:00 -1282099.087 -5296525.714 -4557730.664 -1847.6660049 -4485.4435814 5739.4254155
2025-01-01T10:13:00 -1391480.775 -5554461.655 -4204465.056 -1796.6254443 -4109.6134982 6032.1872018
2025-01-01T10:14:00 -1497483.016 -5789358.311 -3834348.851 -1735.0304731 -3717.7347056 6300.9196709
2025-01-01T10:15:00 -1599475.412 -6000301.559 -3448857.441 -1662.9863061 -3311.4448785 6544.5180641
2025-01-01T10:16:00 -1696835.603 -6186477.413 -3049529.571 -1580.6555213 -2892.4428854 6761.9758476
2025-01-01T10:17:00 -1788952.708 -6347175.495 -2637961.293 -1488.2582333 -2462.4820777 6952.3897278
2025-01-01T10:18:00 -1875230.77 -6481792.068 -2215799.657 -1386.0717152 -2023.3628488 7114.9645794
2025-01-01T10:19:00 -1955092.166 -6589832.635 -1784736.066 -1274.4296386 -1576.9246965 7249.017537
2025-01-01T10:20:00 -2027980.963 -6670914.046 -1346499.412 -1153.721151 -1125.0381329 7353.9817397
2025-01-01T10:21:00 -2093366.208 -6724766.093 -902849.065 -1024.3895405 -669.5961221 7429.4095059
2025-01-01T10:22:00 -2150745.128 -6751232.601 -455567.613 -886.9305797 -212.5053151 7474.9746783
2025-01-01T10:23:00 -2199646.224 -6750271.989 -6453.5 -741.8905619 244.3226832 7490.4744241
2025-01-01T10:24:00 -2239632.233 -6721957.301 442686.362 -589.8639535 698.9800104 7475.830429
2025-01-01T10:25:00 -2270302.938 -6666475.723 890044.128 -431.4907707 1149.571284 7431.0895585
2025-01-01T10:26:00 -2291297.82 -6584127.572 1333818.525 -267.4536912 1594.2223609 7356.4238866
2025-01-01T10:27:00 -2302298.521 -6475324.755 1772222.347 -98.474879 2031.0889972 7252.1300656
2025-01-01T10:28:00 -2303031.111 -6340588.729 2203489.884 74.6875458 2458.3654084 7118.6279758
2025-01-01T10:29:00 -2293268.129 -6180547.932 2625884.276 251.2432924 2874.2924837 6956.458661
2025-01-01T10:30:00 -2272830.403 -5995934.75 3037704.691 430.3737749 3277.165737 6766.2816647
2025-01-01T10:31:00 -2241588.625 -5787582.016 3437293.34 611.236081 3665.3427596 6548.8717271
2025-01-01T10:32:00 -2199464.686 -5556419.066 3823042.285 792.9672111 4037.2502491 6305.1151158
2025-01-01T10:33:00 -2146432.749 -5303467.385 4193400.014 974.6883921 4391.3906954 6036.0052146
2025-01-01T10:34:00 -2082520.08 -5029835.899 4546877.698 1155.5091123 4726.3481849 5742.637829
2025-01-01T10:35:00 -2007807.62 -4736715.903 4882055.212 1334.5313925 5040.7940092 5426.2066354
2025-01-01T10:36:00 -1922430.302 -4425375.641 5197586.886 1510.8541892 5333.4922877 5087.9982159
2025-01-01T10:37:00 -1826577.096 -4097154.596 5492206.873 1683.5780653 5603.3056005 4729.3861253
2025-01-01T10:38:00 -1720490.777 -3753457.439 5764734.167 1851.8099603 5849.1990049 4351.8237561
2025-01-01T10:39:00 -1604467.394 -3395747.78 6014077.209 2014.6676503 6070.2431401 3956.8380563
2025-01-01T10:40:00 -1478855.495 -3025541.74 6239238.103 2171.2840253 6265.6172464 3546.0228902
2025-01-01T10:41:00 -1344055.105 -2644401.388 6439316.411 2320.8112357 6434.6112817 3121.032301
2025-01-01T10:42:00 -1200516.441 -2253928.021 6613512.595 2462.4245246 6576.6277743 2683.5742676
2025-01-01T10:43:00 -1048738.412 -1855755.343 6761131.053 2595.3261663 6691.1839717 2235.4040993
2025-01-01T10:44:00 -889266.893 -1451542.566 6881582.729 2718.7491485 6777.9130953 1778.3170813
2025-01-01T10:45:00 -722692.766 -1042967.408 6974387.313 2831.9607122 6836.5646977 1314.1415044
2025-01-01T10:46:00 -549649.754 -631719.115 7039175.02 2934.2661821 6867.004745 844.7321575
2025-01-01T10:47:00 -370812.025 -219491.503 7075687.982 3025.0129474 6869.2155599 371.9637729
2025-01-01T10:48:00 -186891.54 192024.057 7083781.244 3103.5943207 6843.2958806 -102.2759126
2025-01-01T10:49:00 1364.807 601145.599 7063423.304 3169.4529041 6789.4600265 -576.0940706
2025-01-01T10:50:00 193178.215 1006207.422 7014696.214 3222.0834241 6708.0361254 -1047.5995993
2025-01-01T10:51:00 387741.222 1405566.907 6937795.265 3261.036054 6599.464955 -1514.9101342
2025-01-01T10:52:00 584221.115 1797611.216 6833028.224 3285.9191889 6464.2975579 -1976.1601356
2025-01-01T10:53:00 781763.471 2180763.775 6700814.123 3296.4015187 6303.1917726 -2429.5073998
2025-01-01T10:54:00 979495.87 2553490.63 6541681.67 3292.2145151 6116.9096392 -2873.1392468
2025-01-01T10:55:00 1176531.709 2914306.601 6356267.283 3273.154492 5906.3146686 -3305.279238
2025-01-01T10:56:00 1371974.166 3261781.304 6145312.696 3239.0844933 5672.3688008 -3724.194261
2025-01-01T10:57:00 1564920.236 3594544.905 5909662.16 3189.9359585 5416.1283285 -4128.201714
2025-01-01T10:58:00 1754464.889 3911293.671 5650259.2 3125.7101275 5138.7394512 -4515.6760515
2025-01-01T10:59:00 1939705.308 4210795.246 5368142.981 3046.4794578 4841.4338552 -4885.0555238
2025-01-01T11:00:00 2119745.171 4491893.588 5064444.301 2952.3883302 4525.5234553 -5234.849312
2025-01-01T11:01:00 2293698.972 4753513.631 4740381.109 2843.6527629 4192.3941307 -5563.6438552
2025-01-01T11:02:00 2460696.318 4994665.538 4397253.708 2720.5603043 3843.4997971 -5870.108026
2025-01-01T11:03:00 2619886.206 5214448.591 4036439.678 2583.4699316 3480.356587 -6152.9985695
2025-01-01T11:04:00 2770441.305 5412054.771 3659388.44 2432.8116928 3104.5374949 -6411.1647188
2025-01-01T11:05:00 2911562.225 5586772.036 3267615.496 2269.0864892 2717.6672632 -6643.5553924
2025-01-01T11:06:00 3042481.692 5737987.147 2862696.268 2092.8637944 2321.4133597 -6849.2259077
2025-01-01T11:07:00 3162468.6 5865187.965 2446259.561 1904.7791931 1917.4767589 -7027.3417964
2025-01-01T11:08:00 3270831.893 5967965.227 2019980.863 1705.5314902 1507.5843698 -7177.1812608
2025-01-01T11:09:00 3366924.269 6046013.889 1585575.531 1495.8801246 1093.4823222 -7298.138554
2025-01-01T11:10:00 3450145.738 6099134.056 1144791.693 1276.6420672 676.9279548 -7389.7272029
2025-01-01T11:11:00 3519946.977 6127231.405 699403.025 1048.6886807 259.6815386 -7451.5822531
2025-01-01T11:12:00 3575832.488 6130317.108 251201.416 812.9422158 -156.5019546 -7483.4618964
2025-01-01T11:13:00 3617363.527 6108507.269 -198010.458 570.371377 -569.8812358 -7485.248573
2025-01-01T11:14:00 3644160.748 6062021.859 -646426.597 321.9865565 -978.7365294 -7456.9488249
2025-01-01T11:15:00 3655906.568 5991183.213 -1092245.109 68.8355387 -1381.3766893 -7398.6929604
2025-01-01T11:16:00 3652347.283 5896414.088 -1533675.623 -188.0010122 -1776.1467926 -7310.7348127
2025-01-01T11:17:00 3633294.887 5778235.252 -1968946.672 -447.4147797 -2161.436009 -7193.4503837
2025-01-01T11:18:00 3598628.566 5637262.62 -2396312.976 -708.2751029 -2535.6846055 -7047.3355881
2025-01-01T11:19:00 3548295.888 5474203.993 -2814062.529 -969.4342674 -2897.3906975 -6873.0038182
2025-01-01T11:20:00 3482313.655 5289855.385 -3220523.57 -1229.7331438 -3245.1168575 -6671.1826951
2025-01-01T11:21:00 3400768.415 5085096.959 -3614071.339 -1488.0067475 -3577.4962418 -6442.7097108
2025-01-01T11:22:00 3303816.67 4860888.657 -3993134.488 -1743.0891454 -3893.2372435 -6188.5276882
2025-01-01T11:23:00 3191684.777 4618265.551 -4356201.305 -1993.8187962 -4191.1281416 -5909.6810569
2025-01-01T11:24:00 3064668.504 4358332.882 -4701825.678 -2239.0444398 -4470.0421888 -5607.3108666
2025-01-01T11:25:00 2923132.256 4082260.845 -5028632.712 -2477.6300655 -4728.9416094 -5282.6487704
2025-01-01T11:26:00 2767508.035 3791279.162 -5335323.977 -2708.4594487 -4966.8806854 -4937.0116665
2025-01-01T11:27:00 2598294.093 3486671.449 -5620682.491 -2930.4412806 -5183.0090592 -4571.796155
2025-01-01T11:28:00 2416053.28 3169769.409 -5883577.299 -3142.5142003 -5376.5742177 -4188.4721501
2025-01-01T11:29:00 2221411.123 2841946.932 -6122967.681 -3343.651564 -5546.9234053 -3788.5767542
2025-01-01T11:30:00 2015053.583 2504614.022 -6337906.992 -3532.8658411 -5693.5053171 -3373.7074022
2025-01-01T11:31:00 1797724.604 2159210.7 -6527546.08 -3709.2124431 -5815.8705365 -2945.5152566
2025-01-01T11:32:00 1570223.434 1807200.909 -6691136.325 -3871.793325 -5913.6717388 -2505.6996247
2025-01-01T11:33:00 1333401.7 1450066.336 -6828032.374 -4019.7613066 -5986.6645551 -2056.0022362
2025-01-01T11:34:00 1088160.206 1089300.231 -6937694.478 -4152.324678 -6034.7076048 -1598.2001044
2025-01-01T11:35:00 835445.528 726401.272 -7019690.39 -4268.7504438 -6057.7617617 -1134.098842
2025-01-01T11:36:00 576246.375 362867.417 -7073696.906 -4368.3673078 -6055.8898496 -665.5264963
2025-01-01T11:37:00 311589.79 189.802 -7099501.013 -4450.5693315 -6029.2559136 -194.3266153
2025-01-01T11:38:00 42537.148 -360153.243 -7097000.582 -4514.8188439 -5978.1228387 277.6491062
2025-01-01T11:39:00 -229820.026 -716702.074 -7066204.69 -4560.6484162 -5902.8499348 748.5464327
2025-01-01T11:40:00 -504364.327 -1068021.458 -7007233.611 -4587.6638308 -5803.8917073 1216.5141128
2025-01-01T11:41:00 -779956.989 -1412706.252 -6920318.425 -4595.5469541 -5681.7955066 1679.7109286
2025-01-01T11:42:00 -1055442.464 -1749386.857 -6805800.236 -4584.0575914 -5537.199232 2136.3116545
2025-01-01T11:43:00 -1329653.196 -2076734.621 -6664129.019 -4553.035808 -5370.8292216 2584.5138875
2025-01-01T11:44:00 -1601414.489 -2393467.051 -6495862.012 -4502.4031721 -5183.4966056 3022.545265
2025-01-01T11:45:00 -1869549.392 -2698352.757 -6301661.765 -4432.1638488 -4976.0938317 3448.6690969
2025-01-01T11:46:00 -2132883.725 -2990216.26 -6082293.802 -4342.4060697 -4749.5913723 3861.1906515
2025-01-01T11:47:00 -2390251.161 -3267942.571 -5838623.903 -4233.3031702 -4505.0340494 4258.4633327
2025-01-01T11:48:00 -2640498.341 -3530481.515 -5571615.058 -4105.114726 -4243.5374319 4638.8952212
2025-01-01T11:49:00 -2882490.083 -3776851.866 -5282323.941 -3958.186908 -3966.2833036 5000.9564334
2025-01-01T11:50:00 -3115114.567 -4006145.173 -4971896.978 -3792.9517832 -3674.5144031 5343.1856816
2025-01-01T11:51:00 -3337288.44 -4217529.236 -4641566.086 -3609.9264654 -3369.5293518 5664.1961717
2025-01-01T11:52:00 -3547961.905 -4410251.32 -4292644.004 -3409.7120348 -3052.6773221 5962.6814983
2025-01-01T11:53:00 -3746123.723 -4583641.029 -3926519.281 -3192.9922064 -2725.3525345 6237.4213279
2025-01-01T11:54:00 -3930806.107 -4737112.818 -3544650.988 -2960.5317005 -2388.9885478 6487.2871491
2025-01-01T11:55:00 -4101089.529 -4870168.181 -3148562.994 -2713.1737915 -2045.0518699 6711.2479831
2025-01-01T11:56:00 -4256107.342 -4982397.43 -2739837.979 -2451.8373345 -1695.0353818 6908.3751376
2025-01-01T11:57:00 -4395050.22 -5073481.079 -2320111.165 -2177.5136602 -1340.4520108 7077.8467267
2025-01-01T11:58:00 -4517170.395 -5143190.852 -1891063.775 -1891.2627835 -982.8279753 7218.9521197
2025-01-01T11:59:00 -4621785.659 -5191390.271 -1454416.232 -1594.2091712 -623.6957772 7331.0955849
2025-01-01T12:00:00 -4708283.091 -5218034.825 -1011921.179 -1287.5371483 -264.5873572 7413.7994729
2025-01-01T12:01:00 -4776122.498 -5223171.728 -565356.308 -972.485816 92.9728131 7466.7069852
2025-01-01T12:02:00 -4824839.544 -5206939.265 -116517.037 -650.3437273 447.4748339 7489.5843186
2025-01-01T12:03:00 -4854048.551 -5169565.695 332790.932 -322.4432388 797.4304687 7482.3222996
2025-01-01T12:04:00 -4863444.943 -5111367.749 780759.099 9.8456846 1141.3802504 7444.9373813
2025-01-01T12:05:00 -4852807.305 -5032748.685 1225583.715 345.1220265 1477.9005372 7377.571671
2025-01-01T12:06:00 -4821999.048 -4934195.933 1665473.331 681.9603599 1805.6101164 7280.4919876
2025-01-01T12:07:00 -4770969.681 -4816278.378 2098656.198 1018.9172853 2123.1761929 7154.08851
2025-01-01T12:08:00 -4699755.691 -4679643.268 2523387.634 1354.5381439 2429.3204393 6998.8730633
2025-01-01T12:09:00 -4608481.01 -4525012.772 2937957.258 1687.3637524 2722.8246397 6815.4764364
2025-01-01T12:10:00 -4497357.092 -4353180.224 3340696.043 2015.9370368 3002.5356373 6604.645547
2025-01-01T12:11:00 -4366682.583 -4165006.075 3729983.163 2338.8099209 3267.3702628 6367.2402467
2025-01-01T12:12:00 -4216842.567 -3961413.544 4104252.683 2654.5503059 3516.320165 6104.2292279
2025-01-01T12:13:00 -4048307.399 -3743383.994 4461999.937 2961.7489348 3748.4560465 5816.6849001
2025-01-01T12:14:00 -3861631.158 -3511952.101 4801787.552 3259.0254477 3962.9307561 5505.7776904
2025-01-01T12:15:00 -3657449.73 -3268200.842 5122251.208 3545.0341378 4158.9817328 5172.7710829
2025-01-01T12:16:00 -3436478.543 -3013256.338 5422105.062 3818.4702608 4335.9336066 4819.0162669
2025-01-01T12:17:00 -3199509.944 -2748282.583 5700146.803 4078.0757424 4493.1999672 4445.9460864
2025-01-01T12:18:00 -2947410.223 -2474476.038 5955262.41 4322.6447488 4630.2849358 4055.0693066
2025-01-01T12:19:00 -2681116.308 -2193060.16 6186430.509 4551.0290758 4746.7847309 3647.964185
2025-01-01T12:20:00 -2401632.186 -1905279.862 6392726.336 4762.142943 4842.3882713 3226.2721738
2025-01-01T12:21:00 -2110024.966 -1612395.913 6573325.361 4954.9687465 4916.8780527 2791.6914689
2025-01-01T12:22:00 -1807420.637 -1315679.312 6727506.439 5128.5619884 4970.1303513 2345.968469
2025-01-01T12:23:00 -1494999.589 -1016405.707 6854654.44 5282.0546395 5002.1140386 1890.8896829
2025-01-01T12:24:00 -1173991.927 -715849.877 6954262.464 5414.6576422 5012.8884628 1428.275045
2025-01-01T12:25:00 -845672.657 -415280.375 7025933.679 5525.6643648 5002.6020456 959.9728352
2025-01-01T12:26:00 -511356.598 -115954.178 7069382.841 5614.4543035 4971.4915039 487.8530227
2025-01-01T12:27:00 -172393.155 180888.536 7084437.379 5680.4963578 4919.8804532 13.8002975
2025-01-01T12:28:00 169839.169 474029.569 7071038.054 5723.3518798 4848.1772225 -460.2936239
2025-01-01T12:29:00 513938.394 762277.704 7029239.161 5742.6768088 4756.8720403 -932.5369374
2025-01-01T12:30:00 858484.771 1044473.52 6959208.344 5738.2240138 4646.5348024 -1401.044616
2025-01-01T12:31:00 1202046.683 1319494.116 6861225.944 5709.8450132 4517.8121651 -1863.9462845
2025-01-01T12:32:00 1543186.605 1586257.607 6735683.899 5657.4910208 4371.4235448 -2319.3934489
2025-01-01T12:33:00 1880467.077 1843727.344 6583084.247 5581.2137695 4208.1573713 -2765.5658873
2025-01-01T12:34:00 2212456.781 2090915.968 6404037.231 5481.1662116 4028.8674797 -3200.6779345
2025-01-01T12:35:00 2537736.65 2326889.237 6199259.024 5357.6034681 3834.4695674 -3622.9852289
2025-01-01T12:36:00 2854905.977 2550769.585 5969569.048 5210.8829105 3625.9369776 -4030.7920981
2025-01-01T12:37:00 3162588.551 2761739.474 5715886.828 5041.4634235 3404.2963159 -4422.4584832
2025-01-01T12:38:00 3459438.728 2959044.457 5439228.437 4849.904268 3170.6230461 -4796.4069545
2025-01-01T12:39:00 3744147.363 3141995.947 5140702.565 4636.863103 2926.0365445 -5151.1293047
2025-01-01T12:40:00 4015447.676 3309973.711 4821506.163 4403.0938172 2671.6947477 -5485.1922904
2025-01-01T12:41:00 4272120.966 3462428.005 4482919.807 4149.4449378 2408.7885619 -5797.2424129
2025-01-01T12:42:00 4513002.267 3598881.433 4126302.756 3876.859022 2138.5381014 -6086.0117521
2025-01-01T12:43:00 4736985.916 3718930.554 3753087.534 3586.3692272 1862.1871291 -6350.3276639
2025-01-01T12:44:00 4943030.78 3822247.057 3364774.031 3279.0923813 1580.9951168 -6589.1174279
2025-01-01T12:45:00 5130165.142 3908578.542 2962923.447 2956.22506 1296.2321011 -6801.4106705
2025-01-01T12:46:00 5297491.387 3977748.994 2549152.018 2619.040087 1009.1733747 -6986.3444138
2025-01-01T12:47:00 5444190.426 4029658.924 2125124.411 2268.8810574 721.0934639 -7143.1677902
2025-01-01T12:48:00 5569525.763 4064285.148 1692546.88 1907.1564832 433.2601594 -7271.2456029
2025-01-01T12:49:00 5672847.208 4081680.186 1253160.258 1535.3337973 146.9284049 -7370.0613523
2025-01-01T12:50:00 5753594.225 4081971.326 808732.75 1154.9329454 -136.665647 -7439.2198334
2025-01-01T12:51:00 5811298.876 4065359.311 361052.551 767.5191415 -416.3105892 -7478.449161
2025-01-01T12:52:00 5845588.301 4032116.682 -88079.525 374.6953575 -690.8253516 -7487.6013053
2025-01-01T12:53:00 5856186.786 3982585.813 -536857.503 -21.9042857 -959.0642863 -7466.6524699
2025-01-01T12:54:00 5842917.412 3917176.609 -983477.731 -420.6221571 -1219.922734 -7415.7035758
2025-01-01T12:55:00 5805703.223 3836363.903 -1426146.335 -819.784948 -1472.3419809 -7334.9790538
2025-01-01T12:56:00 5744567.948 3740684.56 -1863086.56 -1217.7112158 -1715.3137145 -7224.8256329
2025-01-01T12:57:00 5659636.247 3630734.317 -2292546.084 -1612.7192517 -1947.8845054 -7085.7101125
2025-01-01T12:58:00 5551133.509 3507164.381 -2712804.138 -2003.1341917 -2169.1593577 -6918.2167998
2025-01-01T12:59:00 5419385.23 3370677.817 -3122178.452 -2387.2955224 -2378.3053606 -6723.0447704
2025-01-01T13:00:00 5264815.918 3222025.72 -3519032.062 -2763.5643258 -2574.5546804 -6501.0042384
2025-01-01T13:01:00 5087947.582 3062003.24 -3901779.883 -3130.3307809 -2757.2072838 -6253.013376
2025-01-01T13:02:00 4889397.755 2891445.407 -4268895.02 -3486.022057 -2925.6344405 -5980.0933278
2025-01-01T13:03:00 4669877.063 2711222.781 -4618914.789 -3829.1086433 -3079.2806036 -5683.3619368
2025-01-01T13:04:00 4430186.456 2522237.043 -4950446.359 -4158.1101165 -3217.6639869 -5364.028849
2025-01-01T13:05:00 4171214.091 2325416.547 -5262172.092 -4471.6014453 -3340.377834 -5023.3904807
2025-01-01T13:06:00 3893931.809 2121711.77 -5552854.601 -4768.2188211 -3447.0911939 -4662.8241011
2025-01-01T13:07:00 3599391.3 1912090.772 -5821341.423 -5046.6652209 -3537.5488933 -4283.7820665
2025-01-01T13:08:00 3288719.946 1697534.654 -6066569.323 -5305.7159175 -3611.5717216 -3887.7857678
2025-01-01T13:09:00 2963116.31 1479032.985 -6287568.26 -5544.2232762 -3669.0562705 -3476.4186381
2025-01-01T13:10:00 2623845.411 1257579.299 -6483464.889 -5761.1207351 -3709.9737815 -3051.3197282
2025-01-01T13:11:00 2272233.709 1034166.63 -6653485.724 -5955.4268221 -3734.369038 -2614.1771746
2025-01-01T13:12:00 1909663.946 809783.174 -6796959.872 -6126.2480606 -3742.3587916 -2166.7219497
2025-01-01T13:13:00 1537569.747 585407.999 -6913321.459 -6272.7824103 -3734.1300549 -1710.7229148
2025-01-01T13:14:00 1157429.977 362006.863 -7002111.735 -6394.3241237 -3709.9390713 -1247.9803787
2025-01-01T13:15:00 770762.905 140528.13 -7062980.694 -6490.2663652 -3670.1094101 -780.317829
2025-01-01T13:16:00 379120.199 -78101.208 -7095688.271 -6560.1029055 -3615.0292987 -309.5754704
2025-01-01T13:17:00 -15919.192 -292979.33 -7100105.164 -6603.4304241 -3545.1486882 162.3960655
2025-01-01T13:18:00 -412755.227 -503233.173 -7076213.26 -6619.9500274 -3460.9762265 633.7417883
2025-01-01T13:19:00 -809773.114 -708021.897 -7024105.744 -6609.4693371 -3363.076897 1102.6081128
2025-01-01T13:20:00 -1205349.781 -906540.191 -6943986.777 -6571.9040271 -3252.0690842 1567.1504392
2025-01-01T13:21:00 -1597860.32 -1098021.351 -6836170.78 -6507.2783096 -3128.621216 2025.5390536
2025-01-01T13:22:00 -1985684.572 -1281740.21 -6701081.345 -6415.7261166 -2993.4487891 2475.9660207
2025-01-01T13:23:00 -2367213.706 -1457015.857 -6539249.702 -6297.4902391 -2847.3105677 2916.6519633
2025-01-01T13:24:00 -2740856.691 -1623214.106 -6351312.874 -6152.9223321 -2691.0051087 3345.8509634
2025-01-01T13:25:00 -3105046.896 -1779749.8 -6138011.481 -5982.4835938 -2525.3674753 3761.8568269
2025-01-01T13:26:00 -3458248.643 -1926088.891 -5900187.147 -5786.7445945 -2351.2654896 4163.0100099
2025-01-01T13:27:00 -3798963.749 -2061750.282 -5638779.492 -5566.384254 -2169.5956995 4547.7046746
2025-01-01T13:28:00 -4125737.963 -2186307.424 -5354822.708 -5322.1878442 -1981.279241 4914.3955502
2025-01-01T13:29:00 -4437167.283 -2299389.671 -5049441.725 -5055.0444926 -1787.2575712 5261.6040745
2025-01-01T13:30:00 -4731904.109 -2400683.369 -4723848.039 -4765.9447582 -1588.4882954 5587.9243215
2025-01-01T13:31:00 -5008663.245 -2489932.695 -4379335.173 -4455.9777872 -1385.9408534 5892.0291208
2025-01-01T13:32:00 -5266227.721 -2566940.238 -4017273.767 -4126.3279329 -1180.5920704 6172.6761879
2025-01-01T13:33:00 -5503454.386 -2631567.303 -3639106.285 -3778.2705504 -973.4214044 6428.7140609
2025-01-01T13:34:00 -5719279.219 -2683733.92 -3246341.434 -3413.1673563 -765.4062728 6659.0874771
2025-01-01T13:35:00 -5912722.356 -2723418.586 -2840548.23 -3032.4610844 -557.5174468 6862.8425149
2025-01-01T13:36:00 -6082892.799 -2750657.74 -2423349.743 -2637.6697473 -350.714576 7039.1310349
2025-01-01T13:37:00 -6228992.735 -2765544.948 -1996416.672 -2230.3808682 -145.941719 7187.2149315
2025-01-01T13:38:00 -6350321.527 -2768229.837 -1561460.599 -1812.2450047 55.8773832 7306.4703306
2025-01-01T13:39:00 -6446279.285 -2758916.734 -1120227.013 -1384.9682842 253.8438106 7396.3910166
2025-01-01T13:40:00 -6516369.961 -2737863.052 -674488.179 -950.3048992 447.0876975 7456.5907895
2025-01-01T13:41:00 -6560204.018 -2705377.419 -226035.9 -510.0498524 634.7723809 7486.8056227
2025-01-01T13:42:00 -6577500.651 -2661817.566 223325.908 -66.0310215 816.098412 7486.8956166
2025-01-01T13:43:00 -6568089.5 -2607587.981 671788.7 379.8993135 990.3073216 7456.8462167
2025-01-01T13:44:00 -6531911.856 -2543137.342 1117546.809 825.8732735 1156.6851296 7396.768737
2025-01-01T13:45:00 -6469021.322 -2468955.745 1558805.032 1270.01663 1314.5657763 7306.8999395
2025-01-01T13:46:00 -6379583.911 -2385571.731 1993786.103 1710.4578067 1463.3341942 7187.6003487
2025-01-01T13:47:00 -6263877.659 -2293549.155 2420738.016 2145.3358365 1602.4288307 7039.3518231
2025-01-01T13:48:00 -6122291.753 -2193483.906 2837941.287 2572.8077178 1731.3437623 6862.7558411
2025-01-01T13:49:00 -5955325.201 -2086000.506 3243716.082 2991.0574333 1849.630711 6658.5320601
2025-01-01T13:50:00 -5763584.921 -1971748.595 3636429.188 3398.3056615 1956.9010869 6427.5146005
2025-01-01T13:51:00 -5547783.275 -1851399.299 4014500.753 3792.8180677 2052.8275059 6170.6468171
2025-01-01T13:52:00 -5308735.155 -1725641.528 4376410.68 4172.9122959 2137.144473 5888.9761157
2025-01-01T13:53:00 -5047354.68 -1595178.266 4720704.699 4536.9646442 2209.6485054 5583.649149
2025-01-01T13:54:00 -4764651.45 -1460722.841 5046000.21 4883.4167796 2270.198117 5255.9068777
2025-01-01T13:55:00 -4461726.459 -1322995.221 5350991.758 5210.782058 2318.7135582 4907.0793409
2025-01-01T13:56:00 -4139767.571 -1182718.309 5634456.251 5517.6518786 2355.1765179 4538.58051
2025-01-01T13:57:00 -3800044.678 -1040614.275 5895257.78 5802.7022766 2379.6298169 4151.9019531
2025-01-01T13:58:00 -3443904.438 -897400.919 6132352.094 6064.6990656 2392.1759811 3748.6061581
2025-01-01T13:59:00 -3072764.708 -753788.123 6344790.673 6302.5034283 2392.976017 3330.3200992
2025-01-01T14:00:00 -2688108.719 -610474.405 6531724.345 6515.0764647 2382.2476441 2898.7276286
2025-01-01T14:01:00 -2291478.94 -468143.571 6692406.505 6701.4829186 2360.2630404 2455.5625076
2025-01-01T14:02:00 -1884470.74 -327461.52 6826195.903 6860.8945758 2327.3463383 2002.6015267
2025-01-01T14:03:00 -1468725.926 -189073.215 6932559.015 6992.5930501 2283.8711643 1541.6578667
2025-01-01T14:04:00 -1045926.037 -53599.77 7011072.033 7095.9724661 2230.2583384 1074.5743122
2025-01-01T14:05:00 -617785.511 78364.306 7061422.43 7170.5418715 2166.973239 603.2161989
2025-01-01T14:06:00 -186044.772 206253.686 7083410.103 7215.9270797 2094.5230097 129.4646737
2025-01-01T14:07:00 247536.86 329534.651 7076948.122 7231.8725818 2013.4534565 -344.7902766
2025-01-01T14:08:00 681188.348 447707.309 7042063.041 7218.2427844 1924.3456849 -817.6568335
2025-01-01T14:09:00 1113134.117 560307.611 6978894.813 7175.0229928 1827.8129891 -1287.2482474
2025-01-01T14:10:00 1541601.358 666909.19 6887696.256 7102.3198464 1724.4975163 -1751.690116
2025-01-01T14:11:00 1964827.303 767124.988 6768832.108 7000.3611387 1615.0667777 -2209.1274565
2025-01-01T14:12:00 2381066.476 860608.665 6622777.652 6869.4955253 1500.2099646 -2657.731402
2025-01-01T14:13:00 2788597.933 947055.787 6450116.95 6710.1922487 1380.6340477 -3095.7062246
2025-01-01T14:14:00 3185732.483 1026204.776 6251540.621 6523.0398628 1257.0600181 -3521.2969708
2025-01-01T14:15:00 3570819.763 1097837.647 6027843.176 6308.7436574 1130.2193201 -3932.7964786
2025-01-01T14:16:00 3942255.161 1161780.515 5779919.972 6068.1231708 1000.8499525 -4328.5516172
2025-01-01T14:17:00 4298486.603 1217903.874 5508763.781 5802.109641 869.6924687 -4706.9692893
2025-01-01T14:18:00 4638021.186 1266122.637 5215461.002 5511.7433302 737.4863627 -5066.5223579
2025-01-01T14:19:00 4959431.62 1306395.966 4901187.532 5198.1711444 604.9665169 -5405.7563224
2025-01-01T14:20:00 5261362.524 1338726.874 4567204.168 4862.6423381 472.8591771 -5723.2970959
2025-01-01T14:21:00 5542536.426 1363161.606 4214851.561 4506.5030649 341.8784997 -6017.8572021
2025-01-01T14:22:00 5801759.375 1379788.812 3845544.878 4131.1906536 212.7231938 -6288.2417259
2025-01-01T14:23:00 6037926.231 1388738.487 3460768.086 3738.2271739 86.0720691 -6533.3530403
2025-01-01T14:24:00 6250025.585 1390180.659 3062067.979 3329.2137375 -37.4198241 -6752.1949154
2025-01-01T14:25:00 6437144.32 1384323.882 2651047.962 2905.8245552 -157.1238494 -6943.8772704
2025-01-01T14:26:00 6598471.787 1371413.561 2229361.551 2469.8000396 -272.4406881 -7107.6212574
2025-01-01T14:27:00 6733303.549 1351730.096 1798705.531 2022.9384661 -382.8038366 -7242.7635468
2025-01-01T14:28:00 6841044.584 1325586.812 1360812.95 1567.0873479 -487.6826416 -7348.7587095
2025-01-01T14:29:00 6921212.001 1293327.739 917446.024 1104.135839 -586.5847519 -7425.1809969
2025-01-01T14:30:00 6973437.323 1255325.241 470388.845 636.0070946 -679.0583209 -7471.7270628
2025-01-01T14:31:00 6997468.252 1211977.518 21439.957 164.6488608 -764.6944558 -7488.2184019
2025-01-01T14:32:00 6993169.838 1163705.965 -427595.115 -307.9765633 -843.1291854 -7474.6014535
2025-01-01T14:33:00 6960525.083 1110952.425 -874911.377 -779.9011983 -914.0451331 -7430.94694
2025-01-01T14:34:00 6899635.021 1054176.341 -1318711.791 -1249.159855 -977.1731956 -7357.4488063
2025-01-01T14:35:00 6810718.322 993851.829 -1757214.609 -1713.7980951 -1032.2935903 -7254.4234717
2025-01-01T14:36:00 6694110.365 930464.697 -2188660.737 -2171.8816266 -1079.2363931 -7122.3088586
2025-01-01T14:37:00 6550261.744 864509.444 -2611320.937 -2621.5055289 -1117.8818353 -6961.6614486
2025-01-01T14:38:00 6379736.279 796486.25 -3023502.819 -3060.8020509 -1148.1603584 -6773.1532085
2025-01-01T14:39:00 6183208.528 726897.964 -3423557.72 -3487.9489132 -1170.0524963 -6557.5685875
2025-01-01T14:40:00 5961460.818 656247.107 -3809887.305 -3901.177565 -1183.5886017 -6315.800488
2025-01-01T14:41:00 5715379.773 585032.899 -4180949.97 -4298.7809325 -1188.8481224 -6048.8454313
2025-01-01T14:42:00 5445952.435 513748.348 -4535266.855 -4679.1202565 -1185.9585328 -5757.798245
2025-01-01T14:43:00 5154261.968 442877.407 -4871427.608 -5040.6311732 -1175.0940093 -5443.8466691
2025-01-01T14:44:00 4841483.006 372892.214 -5188095.819 -5381.8295117 -1156.4737789 -5108.2662153
2025-01-01T14:45:00 4508876.701 304250.449 -5484014.084 -5701.3170677 -1130.3603204 -4752.4147137
2025-01-01T14:46:00 4157785.386 237392.795 -5758008.797 -5997.7866184 -1097.0573945 -4377.7263909
2025-01-01T14:47:00 3789626.963 172740.521 -6008994.573 -6270.0268936 -1056.9079359 -3985.7064306
2025-01-01T14:48:00 3405889.013 110693.204 -6235978.288 -6516.927864 -1010.291762 -3577.9242303
2025-01-01T14:49:00 3008122.593 51626.584 -6438062.721 -6737.483968 -957.6231905 -3156.0058773
2025-01-01T14:50:00 2597935.881 -4109.43 -6614449.775 -6930.7966771 -899.3483608 -2721.6282093
2025-01-01T14:51:00 2176987.706 -56192.572 -6764443.323 -7096.0772566 -835.942214 -2276.5126586
2025-01-01T14:52:00 1746980.872 -104329.868 -6887451.724 -7232.6489167 -767.9057643 -1822.419775
2025-01-01T14:53:00 1309655.317 -148259.126 -6982990.005 -7339.950676 -695.7633469 -1361.1431749
2025-01-01T14:54:00 866781.126 -187750.222 -7050681.584 -7417.5394572 -620.0593037 -894.5011013
2025-01-01T14:55:00 420151.428 -222606.221 -7090259.546 -7465.0899703 -541.3549399 -424.3299156
2025-01-01T14:56:00 -28424.693 -252664.297 -7101567.567 -7482.3958225 -460.225309 47.5214058
2025-01-01T14:57:00 -477129.363 -277796.449 -7084560.478 -7469.3704292 -377.2557017 519.1976833
2025-01-01T14:58:00 -924143.12 -297910.022 -7039304.456 -7426.0479217 -293.0384887 988.8437068
2025-01-01T14:59:00 -1367652.186 -312948.037 -6965976.8 -7352.5832115 -208.1699743 1454.6118823
2025-01-01T15:00:00 -1805855.67 -322889.326 -6864865.275 -7249.2507924 -123.2470157 1914.6685017
2025-01-01T15:01:00 -2236972.717 -327748.478 -6736367.099 -7116.4441563 -38.8640652 2367.2000659
2025-01-01T15:02:00 -2659249.616 -327575.59 -6580987.531 -6954.6741634 44.3901544 2810.4196672
2025-01-01T15:03:00 -3070966.804 -322455.827 -6399338.104 -6764.5677167 125.9361689 3242.5724222
2025-01-01T15:04:00 -3470445.786 -312508.762 -6192134.544 -6546.8671997 205.2068994 3661.9414934
2025-01-01T15:05:00 -3856056.036 -297887.543 -5960194.257 -6302.4289201 281.6508311 4066.855859
2025-01-01T15:06:00 -4226221.754 -278777.864 -5704433.34 -6032.2193502 354.7351577 4455.6973667
2025-01-01T15:07:00 -4579428.33 -255396.753 -5425863.265 -5737.3117504 423.9486397 4826.9063201
2025-01-01T15:08:00 -4914228.677 -227991.196 -5125587.184 -5418.8831175 488.8043983 5178.9875254
2025-01-01T15:09:00 -5229249.356 -196836.589 -4804795.862 -5078.2104905 548.8428112 5510.5165427
2025-01-01T15:10:00 -5523196.457 -162235.012 -4464763.252 -4716.6670566 603.6345238 5820.1457954
2025-01-01T15:11:00 -5794861.217 -124513.328 -4106841.695 -4335.7171579 652.7831886 6106.6115981
2025-01-01T15:12:00 -6043125.308 -84021.134 -3732456.677 -3936.9096675 695.9277017 6368.7399624
2025-01-01T15:13:00 -6266965.73 -41128.59 -3343101.308 -3521.8722978 732.7440755 6605.4513157
2025-01-01T15:14:00 -6465459.358 3775.878 -2940330.527 -3092.3058365 762.9478578 6815.7657838
2025-01-01T15:15:00 -6637787.139 50288.02 -2525754.931 -2649.9768894 786.2963503 6998.8083417
2025-01-01T15:16:00 -6783237.799 97990.317 -2101034.36 -2196.7104071 802.5900942 7153.8130547
2025-01-01T15:17:00 -6901211.13 146454.605 -1667871.252 -1734.3824686 811.6739473 7280.1273225
2025-01-01T15:18:00 -6991220.821 195244.77 -1228003.673 -1264.9119727 813.4382607 7377.2164132
2025-01-01T15:19:00 -7052896.732 243919.513 -783198.144 -790.2505428 807.8199595 7444.6665568
2025-01-01T15:20:00 -7085986.558 292035.163 -335242.388 -312.3732445 794.8030981 7482.185657
2025-01-01T15:21:00 -7090357.014 339148.512 114062.036 166.7291669 774.4191556 7489.6043335
2025-01-01T15:22:00 -7065994.518 384819.667 562907.138 645.0586653 746.7470637 7466.877627
2025-01-01T15:23:00 -7013005.359 428614.885 1009485.969 1120.6192973 711.9128103 7414.085937
2025-01-01T15:24:00 -6931615.284 470109.378 1452000.177 1591.4265409 670.0887945 7331.4348056
2025-01-01T15:25:00 -6822168.542 508890.075 1888667.468 2055.5164846 621.493017 7219.25425
2025-01-01T15:26:00 -6685126.357 544558.326 2317729.072 2510.9551909 566.3880094 7077.9971647
2025-01-01T15:27:00 -6521064.88 576732.535 2737456.993 2955.8473952 505.0793967 6908.2371513
2025-01-01T15:28:00 -6330672.593 605050.694 3146161.224 3388.3454493 437.914204 6710.6659327
2025-01-01T15:29:00 -6114747.182 629172.81 3542196.721 3806.6578749 365.2788801 6486.0893881
2025-01-01T15:30:00 -5874191.97 648783.205 3923970.095 4209.0565119 287.5971366 6235.4235302
2025-01-01T15:31:00 -5610011.881 663592.684 4289946.13 4593.8839744 205.3274911 5959.6905914
2025-01-01T15:32:00 -5323308.959 673340.538 4638654.027 4959.5610936 118.960662 5660.0140475
2025-01-01T15:33:00 -5015277.507 677796.402 4968693.266 5304.5932612 29.0167891 5337.6128802
2025-01-01T15:34:00 -4687198.829 676761.929 5278739.2 5627.575827 -63.9573281 4993.7961244
2025-01-01T15:35:00 -4340435.657 670072.311 5567548.312 5927.1994929 -159.3911716 4629.9577111
2025-01-01T15:36:00 -3976426.303 657597.596 5833963.109 6202.2559498 -256.6938873 4247.5707978
2025-01-01T15:37:00 -3596678.414 639243.813 6076916.698 6451.6428229 -355.2575799 3848.1807736
2025-01-01T15:38:00 -3202762.491 614953.884 6295436.916 6674.3672919 -454.4608538 3433.3985427
2025-01-01T15:39:00 -2796305.262 584708.346 6488650.049 6869.549414 -553.6718932 3004.8943061
2025-01-01T15:40:00 -2378982.759 548525.875 6655784.216 7036.4257708 -652.2517396 2564.3907791
2025-01-01T15:41:00 -1952513.254 506463.605 6796172.28 7174.3520965 -749.5580053 2113.6554199
2025-01-01T15:42:00 -1518650.07 458617.229 6909254.307 7282.8044578 -844.948427 1654.4931539
2025-01-01T15:43:00 -1079174.333 405120.882 6994579.626 7361.380392 -937.7844491 1188.7401104
2025-01-01T15:44:00 -635887.628 346146.811 7051808.501 7409.8004357 -1027.4348042 718.2567013
2025-01-01T15:45:00 -190604.606 281904.838 7080713.366 7427.9084588 -1113.2788061 244.9204208
2025-01-01T15:46:00 254854.412 212641.622 7081179.654 7415.6719473 -1194.7098256 -229.3806624
2025-01-01T15:47:00 698670.869 138639.711 7053206.226 7373.1820822 -1271.1387754 -702.7549192
2025-01-01T15:48:00 1139035.393 60216.387 6996905.371 7300.6532492 -1341.9974047 -1173.3141844
2025-01-01T15:49:00 1574155.134 -22277.676 6912502.388 7198.4221374 -1406.7416285 -1639.1807893
2025-01-01T15:50:00 2002261.069 -108459.973 6800334.749 7066.9462031 -1464.8549462 -2098.4946082
2025-01-01T15:51:00 2421615.227 -197917.912 6660850.835 6906.8019839 -1515.8513333 -2549.4195813
2025-01-01T15:52:00 2830517.753 -290210.721 6494608.298 6718.683823 -1559.2780749 -2990.1508692
2025-01-01T15:53:00 3227313.916 -384871.537 6302271.953 6503.4009018 -1594.7186689 -3418.922536
2025-01-01T15:54:00 3610400.903 -481409.667 6084611.232 6261.8739728 -1621.7957744 -3834.0142106
2025-01-01T15:55:00 3978234.414 -579313.027 5842497.243 5995.1317038 -1640.1740098 -4233.7581221
2025-01-01T15:56:00 4329334.98 -678050.719 5576899.436 5704.3064148 -1649.5621508 -4616.5453019
2025-01-01T15:57:00 4662294.099 -777075.754 5288881.872 5390.630366 -1649.7152362 -4980.8318641
2025-01-01T15:58:00 4975780.1 -875827.882 4979599.109 5055.4311968 -1640.4365275 -5325.1462712
2025-01-01T15:59:00 5268543.66 -973736.53 4650291.677 4700.1257446 -1621.5789982 -5648.0955819
2025-01-01T16:00:00 5539423.026 -1070223.848 4302281.192 4326.2150033 -1593.047423 -5948.3705514
2025-01-01T16:01:00 5787348.894 -1164707.864 3936965.136 3935.2783607 -1554.7996421 -6224.7525623
2025-01-01T16:02:00 6011348.873 -1256605.671 3555811.26 3528.9660441 -1506.84686 -6476.1191474
2025-01-01T16:03:00 6210551.551 -1345336.666 3160351.66 3108.9924274 -1449.2547595 -6701.4484616
2025-01-01T16:04:00 6384190.128 -1430325.825 2752176.58 2677.1287064 -1382.1434822 -6899.8247338
2025-01-01T16:05:00 6531605.564 -1511006.954 2332927.948 2235.1947438 -1305.6874293 -7070.4420255
2025-01-01T16:06:00 6652249.282 -1586825.957 1904292.644 1785.0511998 -1220.1151583 -7212.6081499
2025-01-01T16:07:00 6745685.358 -1657244.056 1467995.581 1328.5910563 -1125.7087426 -7325.7477795
2025-01-01T16:08:00 6811592.214 -1721740.992 1025792.638 867.731694 -1022.8032989 -7409.4051139
2025-01-01T16:09:00 6849763.833 -1779818.18 579463.361 404.4061324 -911.7858469 -7463.2470218
2025-01-01T16:10:00 6860110.398 -1831001.752 130803.566 -59.4470884 -793.0928316 -7487.0648782
2025-01-01T16:11:00 6842658.339 -1874845.45 -318382.163 -521.892844 -667.2078687 -7480.7740151
2025-01-01T16:12:00 6797549.902 -1910933.415 -766287.854 -981.007034 -534.6603207 -7444.4140664
2025-01-01T16:13:00 6725042.223 -1938882.864 -1211113.668 -1434.8858525 -396.0228899 -7378.149435
2025-01-01T16:14:00 6625505.821 -1958346.598 -1651073.364 -1881.6549212 -251.9085202 -7282.2679755
2025-01-01T16:15:00 6499422.589 -1969015.327 -2084401.597 -2319.4776817 -102.9673363 -7157.1789503
2025-01-01T16:16:00 6347383.28 -1970619.806 -2509361.167 -2746.5633021 50.116413 -7003.4105743
2025-01-01T16:17:00 6170084.523 -1962932.787 -2924250.089 -3161.174482 206.6276796 -6821.6072803
2025-01-01T16:18:00 5968325.406 -1945770.762 -3327408.414 -3561.6346614 365.8241741 -6612.5261217
2025-01-01T16:19:00 5743003.62 -1918995.484 -3717224.912 -3946.3347207 526.9400732 -6377.0331539
2025-01-01T16:20:00 5495111.198 -1882515.263 -4092143.502 -4313.739672 689.1898687 -6116.0992304
2025-01-01T16:21:00 5225729.915 -1836286.039 -4450669.358 -4662.3946591 851.7721432 -5830.7953038
2025-01-01T16:22:00 4936026.283 -1780312.22 -4791374.795 -4990.9307185 1013.8733622 -5522.2874266
2025-01-01T16:23:00 4627246.229 -1714647.287 -5112904.823 -5298.070114 1174.6717804 -5191.8311916
2025-01-01T16:24:00 4300709.508 -1639394.178 -5413982.306 -5582.6308645 1333.3414371 -4840.7657993
2025-01-01T16:25:00 3957803.818 -1554705.412 -5693412.82 -5843.5305512 1489.0562267 -4470.5079033
2025-01-01T16:26:00 3599978.732 -1460782.976 -5950089.122 -6079.789471 1640.9939183 -4082.5456862
2025-01-01T16:27:00 3228739.452 -1357877.976 -6182995.248 -6290.5335689 1788.340129 -3678.432763
2025-01-01T16:28:00 2845640.399 -1246290.045 -6391210.268 -6474.9967722 1930.2924628 -3259.782394
2025-01-01T16:29:00 2452278.64 -1126366.496 -6573911.683 -6632.5239287 2066.0645383 -2828.2610165
2025-01-01T16:30:00 2050287.183 -998501.259 -6730378.385 -6762.5722134 2194.8892609 -2385.5807604
2025-01-01T16:31:00 1641328.23 -863133.639 -6859993.206 -6864.7116498 2316.0219488 -1933.4932559
2025-01-01T16:32:00 1227086.375 -720746.856 -6962245.123 -6938.6259631 2428.7440628 -1473.7840912
2025-01-01T16:33:00 809261.725 -571866.345 -7036731.105 -6984.1139445 2532.367487 -1008.266015
2025-01-01T16:34:00 389563.041 -417057.843 -7083157.506 -7001.0886919 2626.237603 -538.7714714
2025-01-01T16:35:00 -30299.104 -256925.284 -7101341.08 -6989.5768253 2709.7363802 -67.1471299
2025-01-01T16:36:00 -448619.163 -92108.486 -7091209.658 -6949.7183779 2782.286043 404.7523221
2025-01-01T16:37:00 -863703.366 76719.345 -7052802.426 -6881.7664305 2843.3521751 875.0707648
2025-01-01T16:38:00 -1273876.489 248854.315 -6986269.799 -6786.0858609 2892.4467202 1341.9580008
2025-01-01T16:39:00 -1677488.501 423564.712 -6891872.855 -6663.1508287 2929.130916 1803.5764633
2025-01-01T16:40:00 -2072921.049 600094.046 -6769982.395 -6513.5424956 2953.0178019 2258.1071908
2025-01-01T16:41:00 -2458593.785 777664.214 -6621077.654 -6337.9468598 2963.7746504 2703.7558525
2025-01-01T16:42:00 -2832970.622 955478.845 -6445744.629 -6137.1524016 2961.1254286 3138.7590798
2025-01-01T16:43:00 -3194565.793 1132726.765 -6244674.031 -5912.0473646 2944.8530754 3561.3904941
2025-01-01T16:44:00 -3541949.742 1308585.594 -6018658.898 -5663.6173576 2914.8016125 3969.9671776
2025-01-01T16:45:00 -3873754.897 1482225.469 -5768591.749 -5392.9417024 2870.877744 4362.8569729
2025-01-01T16:46:00 -4188681.144 1652812.858 -5495461.347 -5101.1889544 2813.0526962 4738.4846082
2025-01-01T16:47:00 -4485501.053 1819514.481 -5200349.125 -4789.6130202 2741.364108 5095.3381359
2025-01-01T16:48:00 -4763064.872 1981501.331 -4884425.139 -4459.5481515 2655.9166893 5431.976068
2025-01-01T16:49:00 -5020305.182 2137952.703 -4548943.668 -4112.4032953 2556.8823457 5747.033217
2025-01-01T16:50:00 -5256241.19 2288060.222 -4195238.496 -3749.6567376 2444.5005396 6039.2261199
2025-01-01T16:51:00 -5469982.754 2431031.917 -3824717.806 -3372.8504956 2319.0784099 6307.3587744
2025-01-01T16:52:00 -5660734.014 2566096.272 -3438858.773 -2983.5842629 2180.9904662 6550.328306
2025-01-01T16:53:00 -5827796.653 2692506.24 -3039201.826 -2583.5089105 2030.6779053 6767.130437
2025-01-01T16:54:00 -5970572.771 2809543.222 -2627344.554 -2174.3192702 1868.6474713 6956.8645428
2025-01-01T16:55:00 -6088567.288 2916520.954 -2204935.374 -1757.7468765 1695.4699974 7118.7380821
2025-01-01T16:56:00 -6181389.938 3012789.303 -1773666.878 -1335.5524119 1511.7785168 7252.0710034
2025-01-01T16:57:00 -6248756.76 3097737.917 -1335269.022 -909.5175227 1318.2658945 7356.2993404
2025-01-01T16:58:00 -6290491.126 3170799.752 -891502.044 -481.4371339 1115.6821842 7430.9777785
2025-01-01T16:59:00 -6306524.316 3231454.407 -444149.235 -53.1116487 904.8314868 7475.7831785
2025-01-01T17:00:00 -6296895.565 3279231.244 4990.409 373.6621559 686.5679897 7490.5162117
2025-01-01T17:01:00 -6261751.602 3313712.3 454109.691 797.0994586 461.7926056 7475.1027454
2025-01-01T17:02:00 -6201345.655 3334534.966 901400.738 1215.4363735 231.4489752 7429.5936245
2025-01-01T17:03:00 -6116035.989 3341394.433 1345062.448 1626.9368872 -3.4807144 7354.164673
2025-01-01T17:04:00 -6006283.978 3334045.855 1783308.03 2029.901539 -241.9807262 7249.1166368
2025-01-01T17:05:00 -5872651.659 3312306.215 2214372.439 2422.6751875 -483.006454 7114.8725707
2025-01-01T17:06:00 -5715798.901 3276055.932 2636519.62 2803.6534847 -725.4889219 6951.9764381
2025-01-01T17:07:00 -5536480.112 3225240.16 3048049.746 3171.2905802 -968.3401691 6761.0911956
2025-01-01T17:08:00 -5335540.511 3159869.758 3447306.273 3524.1062106 -1210.4588011 6542.995335
2025-01-01T17:09:00 -5113912.013 3080021.939 3832682.705 3860.6921518 -1450.7354348 6298.578845
2025-01-01T17:10:00 -4872608.709 2985840.592 4202629.187 4179.7181195 -1688.0577483 6028.8384396
2025-01-01T17:11:00 -4612722.05 2877536.304 4555658.745 4479.9365883 -1921.3155273 5734.8727883
2025-01-01T17:12:00 -4335415.733 2755386.084 4890353.275 4760.1875551 -2149.4058508 5417.8779466
2025-01-01T17:13:00 -4041920.317 2619732.765 5205369.212 5019.4031147 -2371.2384838 5079.1417099
2025-01-01T17:14:00 -3733527.587 2470984.092 5499442.884 5256.6108729 -2585.7405235 4720.0385061
2025-01-01T17:15:00 -3411584.683 2309611.538 5771395.543 5470.9386601 -2791.8616106 4342.0233647
2025-01-01T17:16:00 -3077488.009 2136148.79 6020137.973 5661.6170121 -2988.5791304 3946.6247742
2025-01-01T17:17:00 -2732677.006 1951189.942 6244674.718 5827.9811507 -3174.9029422 3535.4385103
2025-01-01T17:18:00 -2378627.794 1755387.398 6444107.931 5969.4731322 -3349.8800294 3110.1210305
2025-01-01T17:19:00 -2016846.738 1549449.527 6617640.786 6085.6433053 -3512.5989368 2672.3822616
2025-01-01T17:20:00 -1648863.93 1334138.033 6764580.473 6176.1507493 -3662.1940479 2223.9783665
2025-01-01T17:21:00 -1276226.627 1110265.071 6884340.775 6240.7632742 -3797.8494421 1766.7048997
2025-01-01T17:22:00 -900492.779 878690.178 6976444.228 6279.3573358 -3918.802604 1302.3906212
2025-01-01T17:23:00 -523224.485 640316.941 7040523.921 6291.9181857 -4024.3484674 832.8905418
2025-01-01T17:24:00 -145981.479 396089.436 7076324.845 6278.5388489 -4113.8427789 360.0785212
2025-01-01T17:25:00 229685.292 146988.487 7083704.824 6239.4189486 -4186.7052043 -114.1592961
2025-01-01T17:26:00 602240.01 -105972.245 7062635.046 6174.8634082 -4242.4225757 -587.931393
2025-01-01T17:27:00 970168.281 -361750.413 7013200.175 6085.2806652 -4280.5519338 -1059.3479346
2025-01-01T17:28:00 1331983.273 -619279.271 6935598.036 5971.1805976 -4300.7233161 -1526.5279237
2025-01-01T17:29:00 1686231.716 -877472.106 6830138.865 5833.1719742 -4302.6417858 -1987.606616
2025-01-01T17:30:00 2031499.758 -1135226.815 6697244.133 5671.9592189 -4286.0894157 -2440.7418116
2025-01-01T17:31:00 2366418.626 -1391430.598 6537445.005 5488.3398423 -4250.9277644 -2884.1203895
2025-01-01T17:32:00 2689670.097 -1644964.765 6351380.379 5283.201354 -4197.0995565 -3315.9658221
2025-01-01T17:33:00 2999991.814 -1894709.66 6139794.453 5057.5172419 -4124.6298337 -3734.5457864
2025-01-01T17:34:00 3296182.297 -2139549.619 5903533.862 4812.342413 -4033.6265091 -4138.1788412
2025-01-01T17:35:00 3577105.679 -2378377.944 5643544.458 4548.8088777 -3924.2809528 -4525.2406785
2025-01-01T17:36:00 3841696.225 -2610101.938 5360867.665 4268.1210424 -3796.8684305 -4894.1708551
2025-01-01T17:37:00 4088962.503 -2833647.948 5056636.441 3971.5503876 -3651.7481862 -5243.4794033
2025-01-01T17:38:00 4317991.239 -3047966.368 4732070.889 3660.4300956 -3489.3629009 -5571.7530759
2025-01-01T17:39:00 4527950.872 -3252036.647 4388473.437 3336.1494746 -3310.2377943 -5877.6615269
2025-01-01T17:40:00 4718094.723 -3444872.182 4027223.709 3000.1479017 -3114.9792519 -6159.9632232
2025-01-01T17:41:00 4887763.841 -3625525.15 3649772.996 2653.9088269 -2904.2728804 -6417.511113
2025-01-01T17:42:00 5036389.43 -3793091.172 3257638.455 2298.9531613 -2678.8810455 -6649.2584388
2025-01-01T17:43:00 5163494.886 -3946713.842 2852396.905 1936.8316876 -2439.6398639 -6854.2636551
2025-01-01T17:44:00 5268697.37 -4085589.058 2435678.388 1569.1177554 -2187.4560324 -7031.6941959
2025-01-01T17:45:00 5351708.943 -4208969.157 2009159.569 1197.4004599 -1923.3037371 -7180.8301104
2025-01-01T17:46:00 5412337.309 -4316166.851 1574556.823 823.2775254 -1648.2205898 -7301.0679259
2025-01-01T17:47:00 5450486.113 -4406558.897 1133619.149 448.347862 -1363.3027407 -7391.923377
2025-01-01T17:48:00 5466154.786 -4479589.462 688121.01 74.2044468 -1069.700568 -7453.0332151
2025-01-01T17:49:00 5459437.978 -4534773.249 239854.965 -297.5730897 -768.6140045 -7484.1574899
2025-01-01T17:50:00 5430524.527 -4571698.299 -209375.784 -665.4259331 -461.2865048 -7485.1808754
2025-01-01T17:51:00 5379696.001 -4590028.409 -657764.831 -1027.82315 -148.9990231 -7456.1128009
2025-01-01T17:52:00 5307324.813 -4589505.228 -1103510.078 -1383.2685885 166.9353035 -7397.0870617
2025-01-01T17:53:00 5213871.927 -4569950.005 -1544821.194 -1730.3078511 485.1773566 -7308.3613414
2025-01-01T17:54:00 5099884.154 -4531264.948 -1979926.956 -2067.5347818 804.3687895 -7190.315363
2025-01-01T17:55:00 4965991.079 -4473434.191 -2407082.539 -2393.5974828 1123.1379084 -7043.4484809
2025-01-01T17:56:00 4812901.626 -4396524.424 -2824576.607 -2707.2039543 1440.1057301 -6868.3772366
2025-01-01T17:57:00 4641400.312 -4300685.125 -3230738.263 -3007.1274847 1753.8926734 -6665.832528
2025-01-01T17:58:00 4452343.158 -4186148.398 -3623943.787 -3292.2121054 2063.1252383 -6436.6552548
2025-01-01T17:59:00 4246653.317 -4053228.431 -4002623.099 -3561.3765924 2366.4416317 -6181.7917939
2025-01-01T18:00:00 4025316.476 -3902320.62 -4365265.969 -3813.6184869 2662.4978695 -5902.2899627
2025-01-01T18:01:00 3789376.009 -3733900.308 -4710427.945 -4048.0178671 2949.9740012 -5599.293764
2025-01-01T18:02:00 3539927.935 -3548521.17 -5036735.96 -4263.7403144 3227.5798933 -5274.0376694
2025-01-01T18:03:00 3278115.705 -3346813.25 -5342893.592 -4460.0393301 3494.0606922 -4927.8407356
2025-01-01T18:04:00 3005124.882 -3129480.709 -5627685.935 -4636.2580823 3748.2017213 -4562.1004844
2025-01-01T18:05:00 2722177.727 -2897299.268 -5889984.147 -4791.8305233 3988.833188 -4178.28742
2025-01-01T18:06:00 2430527.696 -2651113.357 -6128749.688 -4926.2825667 4214.8350099 -3777.9397249
2025-01-01T18:07:00 2131453.906 -2391832.996 -6343038.191 -5039.2334766 4425.1421325 -3362.6576358
2025-01-01T18:08:00 1826255.496 -2120430.332 -6532002.992 -5130.3968067 4618.7496817 -2934.0964848
2025-01-01T18:09:00 1516245.952 -1837935.878 -6694898.215 -5199.5804524 4794.7173789 -2493.9590986
2025-01-01T18:10:00 1202747.48 -1545434.541 -6831081.399 -5246.6854503 4952.1726544 -2043.9886857
2025-01-01T18:11:00 887085.471 -1244061.49 -6940015.743 -5271.7050185 5090.3137614 -1585.9634657
2025-01-01T18:12:00 570582.951 -934997.764 -7021272.032 -5274.7242837 5208.4137847 -1121.6898418
2025-01-01T18:13:00 254555.128 -619465.697 -7074530.095 -5255.9181149 5305.8232955 -652.9953006
2025-01-01T18:14:00 -59695.907 -298724.217 -7099579.911 -5215.5491992 5381.9729755 -181.7232194
2025-01-01T18:15:00 -370886.442 25936.087 -7096322.392 -5153.9668211 5436.376941 290.2732383
2025-01-01T18:16:00 -677756.278 353198.046 -7064769.758 -5071.6050275 5468.6352695 761.1380195
2025-01-01T18:17:00 -979073.731 681723.118 -7005045.516 -4968.9803426 5478.4363807 1229.0188534
2025-01-01T18:18:00 -1273640.525 1010156.785 -6917384.014 -4846.6888991 5465.5592669 1692.0744415
2025-01-01T18:19:00 -1560296.454 1337134.019 -6802129.577 -4705.4028637 5429.8745931 2148.4810981
2025-01-01T18:20:00 -1837923.828 1661284.791 -6659735.297 -4545.8672463 5371.34566 2596.4379821
2025-01-01T18:21:00 -2105451.786 1981239.702 -6490761.487 -4368.8973346 5290.0301959 3034.1727909
2025-01-01T18:22:00 -2361860.426 2295635.699 -6295873.76 -4175.3756428 5186.0820497 3459.9491517
2025-01-01T18:23:00 -2606184.69 2603121.832 -6075840.655 -3966.2473885 5059.7511459 3872.0738194
2025-01-01T18:24:00 -2837518.02 2902365.037 -5831530.869 -3742.5165522 4911.3834461 4268.9020254
2025-01-01T18:25:00 -3055015.773 3192055.894 -5563910.183 -3505.2425758 4741.4214309 4648.8439423
2025-01-01T18:26:00 -3257898.44 3470914.429 -5274037.925 -3255.5359782 4550.4035644 5010.3717967
2025-01-01T18:27:00 -3445454.544 3737695.813 -4963063.079 -2994.5535239 4338.9631831 5352.0265163
2025-01-01T18:28:00 -3617043.273 3991196.029 -4632219.944 -2723.4930034 4107.8267777 5672.4241626
2025-01-01T18:29:00 -3772096.787 4230257.397 -4282823.437 -2443.587826 3857.8118384 5970.2619483
2025-01-01T18:30:00 -3910122.167 4453773.942 -3916264.088 -2156.1012753 3589.8242178 6244.3237754
2025-01-01T18:31:00 -4030703.049 4660696.623 -3534002.67 -1862.3210935 3304.8553922 6493.4848447
2025-01-01T18:32:00 -4133500.964 4850038.4 -3137564.552 -1563.5548559 3003.9797109 6716.7172236
2025-01-01T18:33:00 -4218256.333 5020879.064 -2728533.756 -1261.1239738 2688.3501556 6913.095347
2025-01-01T18:34:00 -4284789.128 5172369.842 -2308546.657 -956.3576638 2359.1941591 7081.8001236
2025-01-01T18:35:00 -4332999.169 5303737.744 -1879285.454 -650.5871663 2017.8094015 7222.1233127
2025-01-01T18:36:00 -4362866.056 5414289.611 -1442471.431 -345.1397321 1665.5585723 7333.4717746
2025-01-01T18:37:00 -4374448.742 5503415.859 -999857.908 -41.3320191 1303.8637952 7415.3712951
2025-01-01T18:38:00 -4367884.687 5570593.834 -553222.985 259.5368954 934.198915 7467.4695817
2025-01-01T18:39:00 -4343388.639 5615390.674 -104362.278 556.1904853 558.0826351 7489.5359153
2025-01-01T18:40:00 -4301251.127 5637465.889 344918.466 847.3803278 177.0743389 7481.463585
2025-01-01T18:41:00 -4241836.575 5636573.585 792810.882 1131.8927548 -207.2336535 7443.2721229
2025-01-01T18:42:00 -4165581.044 5612564.174 1237511.562 1408.5542952 -593.224868 7375.106995
2025-01-01T18:43:00 -4072989.67 5565385.603 1677229.576 1676.2370201 -979.2656936 7277.2388145
2025-01-01T18:44:00 -3964633.746 5495084.154 2110193.967 1933.8644976 -1363.7133193 7150.0622122
2025-01-01T18:45:00 -3841147.479 5401804.76 2534661.109 2180.4166093 -1744.9233908 6994.0930628
2025-01-01T18:46:00 -3703224.497 5285790.876 2948921.897 2414.9337242 -2121.2574865 6809.9659793
2025-01-01T18:47:00 -3551614.089 5147383.896 3351308.78 2636.5204257 -2491.0905837 6598.4307148
2025-01-01T18:48:00 -3387117.27 4987022.145 3740202.58 2844.3484451 -2852.8177006 6360.3492265
2025-01-01T18:49:00 -3210582.643 4805239.457 4114039.109 3037.6605852 -3204.861624 6096.692141
2025-01-01T18:50:00 -3022902.038 4602663.285 4471315.542 3215.773524 -3545.6802411 5808.5337417
2025-01-01T18:51:00 -2825006.007 4380012.37 4810596.524 3378.0799317 -3873.7734686 5497.0470421
2025-01-01T18:52:00 -2617859.219 4138094.038 5130519.896 3524.050427 -4187.6899393 5163.4985815
2025-01-01T18:53:00 -2402455.726 3877801.073 5429802.148 3653.2352414 -4486.0335538 4809.2425134
2025-01-01T18:54:00 -2179814.145 3600108.216 5707243.503 3765.2652736 -4767.469318 4435.7144282
2025-01-01T18:55:00 -1950972.804 3306068.323 5961732.606 3859.8526467 -5030.7290641 4044.4250421
2025-01-01T18:56:00 -1716984.867 2996808.216 6192250.834 3936.7909222 -5274.6168768 3636.9539798
2025-01-01T18:57:00 -1478913.432 2673524.155 6397876.238 3995.9552609 -5498.0146614 3214.9425346
2025-01-01T18:58:00 -1237826.667 2337477.044 6577787.006 4037.3008743 -5699.8858827 2780.0861708
2025-01-01T18:59:00 -994793.077 1989987.464 6731264.543 4060.8617514 -5879.2792589 2334.1294328
2025-01-01T19:00:00 -750876.76 1632430.375 6857696.247 4066.7504107 -6035.3338057 1878.8593632
2025-01-01T19:01:00 -507132.733 1266229.59 6956577.812 4055.1565604 -6167.2823777 1416.0975166
2025-01-01T19:02:00 -264602.379 892852.082 7027515.086 4026.3450021 -6274.4545231 947.6932184
2025-01-01T19:03:00 -24308.988 513802.06 7070225.542 3980.6533822 -6356.2795768 475.5166531
2025-01-01T19:04:00 212746.537 130614.909 7084539.319 3918.4897555 -6412.2892416 1.4520416
2025-01-01T19:05:00 445589.816 -255149.003 7070399.855 3840.3301261 -6442.120037 -472.6092221
2025-01-01T19:06:00 673277.01 -641910.711 7027864.113 3746.7158262 -6445.5154094 -944.7756993
2025-01-01T19:07:00 894898.651 -1028079.112 6957102.36 3638.2505386 -6422.3273897 -1413.1632117
2025-01-01T19:08:00 1109583.262 -1412057.49 6858397.52 3515.5966857 -6372.5175066 -1875.9017869
2025-01-01T19:09:00 1316500.802 -1792250.142 6732144.126 3379.4722339 -6296.1577696 -2331.1422892
2025-01-01T19:10:00 1514865.881 -2167069.013 6578846.853 3230.6472635 -6193.4314722 -2777.0637213
2025-01-01T19:11:00 1703940.792 -2534940.403 6399118.604 3069.9399613 -6064.6331482 -3211.8803938
2025-01-01T19:12:00 1883038.244 -2894311.591 6193678.207 2898.2125038 -5910.1682326 -3633.8486034
2025-01-01T19:13:00 2051523.905 -3243657.494 5963347.671 2716.3672192 -5730.5521852 -4041.2738719
2025-01-01T19:14:00 2208818.69 -3581487.235 5709049.013 2525.3422343 -5526.4088743 -4432.5177774
2025-01-01T19:15:00 2354400.745 -3906350.557 5431800.731 2326.1068472 -5298.4687632 -4806.0042415
2025-01-01T19:16:00 2487807.206 -4216844.183 5132713.862 2119.6571895 -5047.5669962 -5160.2255339
2025-01-01T19:17:00 2608635.68 -4511618.051 4812987.685 1907.0119638 -4774.6413444 -5493.7487926
2025-01-01T19:18:00 2716545.455 -4789381.354 4473905.043 1689.2079296 -4480.7291514 -5805.223104
2025-01-01T19:19:00 2811258.428 -5048908.403 4116827.213 1467.2942294 -4166.9628081 -6093.3857064
2025-01-01T19:20:00 2892559.69 -5289044.217 3743188.461 1242.3271842 -3834.5657578 -6357.0666094
2025-01-01T19:21:00 2960297.803 -5508709.836 3354490.355 1015.3657821 -3484.848364 -6595.1941333
2025-01-01T19:22:00 3014384.829 -5706907.397 2952295.664 787.4665379 -3119.2023115 -6806.8006084
2025-01-01T19:23:00 3054796.009 -5882724.826 2538221.969 559.6780809 -2739.0942524 -6991.0266342
2025-01-01T19:24:00 3081569.138 -6035340.142 2113935.1 333.036065 -2346.0598912 -7147.1248109
2025-01-01T19:25:00 3094803.636 -6164025.404 1681142.276 108.5584169 -1941.6969383 -7274.4628139
2025-01-01T19:26:00 3094659.378 -6268150.246 1241585.141 -112.7585531 -1527.6591441 -7372.5261189
2025-01-01T19:27:00 3081355.231 -6347185.02 797032.592 -329.9454262 -1105.648675 -7440.9210473
2025-01-01T19:28:00 3055167.314 -6400703.486 349273.498 -542.0640701 -677.4093282 -7479.3761116
2025-01-01T19:29:00 3016426.977 -6428385.102 -99890.73 -748.2123578 -244.7189156 -7487.7450024
2025-01-01T19:30:00 2965518.499 -6430016.763 -548653.684 -947.5287147 190.6206611 -7466.0072523
2025-01-01T19:31:00 2902876.542 -6405493.979 -995211.467 -1139.1961159 626.7921581 -7414.2669893
2025-01-01T19:32:00 2828983.36 -6354821.57 -1437770.124 -1322.4455421 1061.9703811 -7332.7512759
2025-01-01T19:33:00 2744365.833 -6278113.92 -1874553.009 -1496.5590224 1494.329636 -7221.8094124
2025-01-01T19:34:00 2649592.317 -6175594.747 -2303808.06 -1660.8724063 1922.0527197 -7081.9116944
2025-01-01T19:35:00 2545269.336 -6047596.349 -2723814.995 -1814.7782963 2343.3389047 -6913.6471099
2025-01-01T19:36:00 2432038.058 -5894558.349 -3132892.385 -1957.7295149 2756.4127467 -6717.720092
2025-01-01T19:37:00 2310570.647 -5717025.933 -3529404.39 -2089.2402141 3159.5321934 -6494.9457517
2025-01-01T19:38:00 2181566.555 -5515647.626 -3911767.3 -2208.8870134 3550.996177 -6246.2460028
2025-01-01T19:39:00 2045748.722 -5291172.6 -4278455.807 -2316.3103196 3929.151697 -5972.6445831
2025-01-01T19:40:00 1903859.736 -5044447.601 -4628008.969 -2411.2149178 4292.4003007 -5675.2622549
2025-01-01T19:41:00 1756657.963 -4776413.494 -4959035.856 -2493.3702159 4639.2045635 -5355.3116808
2025-01-01T19:42:00 1604913.662 -4488101.397 -5270220.932 -2562.6103207 4968.0942707 -5014.0920793
2025-01-01T19:43:00 1449405.102 -4180628.464 -5560329.072 -2618.8338737 5277.6724826 -4652.9833529
2025-01-01T19:44:00 1290914.719 -3855193.35 -5828210.194 -2662.0035564 5566.62084 -4273.43985
2025-01-01T19:45:00 1130225.282 -3513071.324 -6072803.566 -2692.1452545 5833.7042731 -3876.9842159
2025-01-01T19:46:00 968116.134 -3155609.142 -6293141.717 -2709.34693 6077.7755358 -3465.2013626
2025-01-01T19:47:00 805359.523 -2784219.665 -6488353.974 -2713.7570978 6297.7796481 -3039.7323224
2025-01-01T19:48:00 642717.011 -2400376.172 -6657669.653 -2705.5830237 6492.7579294 -2602.2677278
2025-01-01T19:49:00 480936.007 -2005606.477 -6800420.84 -2685.0886494 6661.8514915 -2154.5413427
2025-01-01T19:50:00 320746.451 -1601486.873 -6916044.767 -2652.5922917 6804.3044823 -1698.3235636
2025-01-01T19:51:00 162857.606 -1189635.823 -7004085.826 -2608.4642112 6919.4670907 -1235.4145459
2025-01-01T19:52:00 7955.025 -771707.54 -7064197.135 -2553.1239564 7006.797457 -767.6372421
2025-01-01T19:53:00 -143302.32 -349385.496 -7096141.72 -2487.0379244 7065.8630197 -296.831506
2025-01-01T19:54:00 -290284.792 75624.225 -7099793.36 -2410.7168444 7096.3424478 175.1518685
2025-01-01T19:55:00 -432394.646 501599.627 -7075137.051 -2324.7126037 7098.0273993 646.4575915
2025-01-01T19:56:00 -569068.414 926809.662 -7022269.072 -2229.6152972 7070.8237601 1115.2324946
2025-01-01T19:57:00 -699779.106 1349521.052 -6941396.667 -2126.0504276 7014.7524172 1579.6321086
2025-01-01T19:58:00 -824038.235 1768005.241 -6832837.327 -2014.6753113 6929.9496509 2037.8270942
2025-01-01T19:59:00 -941397.621 2180545.34 -6697017.683 -1896.1752063 6816.6673412 2488.0097006
2025-01-01T20:00:00 -1051450.935 2585443.003 -6534472.037 -1771.2597233 6675.2727309 2928.3997332
2025-01-01T20:01:00 -1153835.084 2981025.396 -6345840.521 -1640.6599398 6506.2485952 3357.2510137
2025-01-01T20:02:00 -1248231.406 3365652.108 -6131866.815 -1505.1248149 6310.1919438 3772.858965
2025-01-01T20:03:00 -1334366.6 3737721.89 -5893395.489 -1365.4171024 6087.8118569 4173.5664359
2025-01-01T20:04:00 -1412013.461 4095679.387 -5631368.973 -1222.3099898 5839.9284177 4557.7695965
2025-01-01T20:05:00 -1480991.405 4438021.745 -5346824.141 -1076.5835445 5567.4708379 4923.9249094
2025-01-01T20:06:00 -1541166.759 4763305.05 -5040888.518 -929.0208741 5271.4746691 5270.5558617
2025-01-01T20:07:00 -1592452.829 5070150.631 -4714776.042 -780.4042273 4953.0782421 5596.2595083
2025-01-01T20:08:00 -1634809.737 5357251.109 -4369782.45 -631.5110365 4613.5185677 5899.7125252
2025-01-01T20:09:00 -1668244.002 5623376.163 -4007280.37 -483.1100044 4254.1269544 6179.6769176
2025-01-01T20:10:00 -1692807.908 5867378.06 -3628714.001 -335.9571285 3876.3239353 6435.0054986
2025-01-01T20:11:00 -1708598.624 6088196.847 -3235593.529 -190.7920339 3481.6141882 6664.6466503
2025-01-01T20:12:00 -1715757.119 6284865.254 -2829489.242 -48.3345875 3071.5814896 6867.6494997
2025-01-01T20:13:00 -1714466.87 6456513.256 -2412025.324 90.7188505 2647.8825035 7043.169376
2025-01-01T20:14:00 -1704952.338 6602372.23 -1984873.333 225.6991065 2212.239212 7190.4723933
2025-01-01T20:15:00 -1687477.234 6721778.63 -1549745.456 355.9675485 1766.4310318 7308.9384222
2025-01-01T20:16:00 -1662342.596 6814177.232 -1108387.623 480.9189684 1312.2882233 7398.0635562
2025-01-01T20:17:00 -1629884.699 6879123.977 -662572.418 599.984626 851.6846195 7457.4637636
2025-01-01T20:18:00 -1590472.763 6916288.33 -214091.798 712.6355376 386.5292004 7486.8771346
2025-01-01T20:19:00 -1544506.497 6925455.159 235250.278 818.3847449 -81.2417555 7486.1665698
2025-01-01T20:20:00 -1492413.512 6906526.065 683645.417 916.7895466 -549.6752268 7455.3217463
2025-01-01T20:21:00 -1434646.594 6859520.077 1129288.431 1007.4538369 -1016.8115381 7394.4585766
2025-01-01T20:22:00 -1371680.846 6784573.774 1570384.819 1090.0301132 -1480.6935307 7303.8180126
2025-01-01T20:23:00 -1304010.723 6681940.871 2005158.249 1164.2210173 -1939.3752788 7183.7642891
2025-01-01T20:24:00 -1232146.993 6551991.29 2431857.898 1229.780233 -2390.9305499 7034.7830285
2025-01-01T20:25:00 -1156613.657 6395209.723 2848765.679 1286.5131501 -2833.4611738 6857.4790879
2025-01-01T20:26:00 -1077944.821 6212193.702 3254203.289 1334.2776326 -3265.1056432 6652.5738974
2025-01-01T20:27:00 -996681.538 6003651.142 3646539.127 1372.9841174 -3684.0471393 6420.9016858
2025-01-01T20:28:00 -913368.68 5770397.441 4024194.962 1402.5947931 -4088.5208986 6163.4066808
2025-01-01T20:29:00 -828551.827 5513352.102 4385652.428 1423.1240994 -4476.8235953 5881.139934
2025-01-01T20:30:00 -742774.115 5233534.741 4729459.279 1434.6389678 -4847.3224736 5575.2527574
2025-01-01T20:31:00 -656573.111 4932060.658 5054235.168 1437.2576594 -5198.4613822 5246.9889925
2025-01-01T20:32:00 -570477.804 4610136.149 5358676.992 1431.1476282 -5528.7644246 4897.679703
2025-01-01T20:33:00 -485005.71 4269053.503 5641564.065 1416.523587 -5836.8420357 4528.739838
2025-01-01T20:34:00 -400660.076 3910185.6 5901762.972 1393.6461181 -6121.39825 4141.6623251
2025-01-01T20:35:00 -317927.182 3534980.137 6138232.016 1362.8199062 -6381.2366168 3738.0104837
2025-01-01T20:36:00 -237273.765 3144953.507 6350025.225 1324.3913254 -6615.2637483 3319.4104506
2025-01-01T20:37:00 -159144.589 2741684.525 6536295.936 1278.7458828 -6822.492734 2887.5454361
2025-01-01T20:38:00 -83960.178 2326807.946 6696300.028 1226.3058481 -7002.0471214 2444.1494203
2025-01-01T20:39:00 -12114.676 1902007.683 6829398.779 1167.5276769 -7153.1648487 1991.0002573
2025-01-01T20:40:00 56026.108 1469009.879 6935061.252 1102.8989694 -7275.2011014 1529.9117959
2025-01-01T20:41:00 120126.483 1029575.787 7012866.247 1032.9354533 -7367.6296922 1062.7267869
2025-01-01T20:42:00 179882.462 585494.667 7062503.838 958.1778057 -7430.0446158 591.3108314
2025-01-01T20:43:00 235023.163 138576.468 7083776.561 879.1882205 -7462.1622227 117.54586
2025-01-01T20:44:00 285312.003 -309355.572 7076600.175 796.5471681 -7463.82274 -356.6773432
2025-01-01T20:45:00 330547.695 -756472.331 7041003.967 710.850301 -7434.9907887 -829.4663398
2025-01-01T20:46:00 370565.063 -1200946.316 6977130.65 622.7051492 -7375.7557722 -1298.9340118
2025-01-01T20:47:00 405235.653 -1640959.157 6885235.811 532.7274281 -7286.3316952 -1763.2061075
2025-01-01T20:48:00 434468.103 -2074709.01 6765686.946 441.5373883 -7167.0561503 -2220.4276099
2025-01-01T20:49:00 458208.319 -2500418.007 6618962.114 349.7564899 -7018.3905572 -2668.7695987
2025-01-01T20:50:00 476439.448 -2916339.664 6445648.088 258.0039854 -6840.918408 -3106.4383484
2025-01-01T20:51:00 489181.642 -3320766.044 6246438.05 166.8936233 -6635.3413782 -3531.6817125
2025-01-01T20:52:00 496491.624 -3712034.81 6022128.935 77.0301273 -6402.4774453 -3942.794402
2025-01-01T20:53:00 498462.047 -4088536.162 5773618.405 -10.9941697 -6143.258577 -4338.125024
2025-01-01T20:54:00 495220.655 -4448719.519 5501901.439 -96.6023308 -5858.7271128 -4716.0824641
2025-01-01T20:55:00 486929.268 -4791100.085 5208066.522 -179.2359978 -5550.0326879 -5075.1417788
2025-01-01T20:56:00 473782.566 -5114265.189 4893291.483 -258.3587504 -5218.4290707 -5413.8510453
2025-01-01T20:57:00 456006.675 -5416880.386 4558838.888 -333.459415 -4865.2692162 -5730.8387071
2025-01-01T20:58:00 433857.554 -5697695.233 4206051.036 -404.0550651 -4491.9992321 -6024.8195923
2025-01-01T20:59:00 407619.229 -5955548.703 3836344.611 -469.6935706 -4100.152534 -6294.6001703
2025-01-01T21:00:00 377601.867 -6189374.249 3451205.019 -529.9560587 -3691.3439504 -6539.0840929
2025-01-01T21:01:00 344139.704 -6398204.477 3052180.4 -584.4595712 -3267.2626179 -6757.2776406
2025-01-01T21:02:00 307588.814 -6581175.378 2640875.325 -632.8595218 -2829.6641813 -6948.2941045
2025-01-01T21:03:00 268324.748 -6737530.095 2218944.262 -674.8514052 -2380.3634221 -7111.3569413
2025-01-01T21:04:00 226740.094 -6866622.256 1788084.894 -710.1721817 -1921.227458 -7245.8034681
2025-01-01T21:05:00 183241.928 -6967918.896 1350031.155 -738.6023161 -1454.1680418 -7351.0888279
2025-01-01T21:06:00 138249.145 -7041002.874 906546.011 -759.9674869 -981.1321987 -7426.7897665
2025-01-01T21:07:00 92189.726 -7085574.674 459414.152 -774.1393511 -504.0925671 -7472.6062531
2025-01-01T21:08:00 45497.957 -7101453.681 10434.543 -781.0360681 -25.0381101 -7488.3627559
2025-01-01T21:09:00 -1388.367 -7088578.873 -438587.074 -780.6225904 454.035153 -7474.0085497
2025-01-01T21:10:00 -48030.758 -7047008.971 -885845.664 -772.9108748 931.1333645 -7429.6176095
2025-01-01T21:11:00 -93992.851 -6976922.036 -1329544.324 -757.9596533 1404.2738614 -7355.3875146
2025-01-01T21:12:00 -138843.196 -6878614.544 -1767901.693 -735.8739294 1871.4935455 -7251.6380947
2025-01-01T21:13:00 -182158.014 -6752499.951 -2199159.242 -706.8043133 2330.8574491 -7118.8100549
2025-01-01T21:14:00 -223523.912 -6599106.756 -2621588.437 -670.9461317 2780.4675361 -6957.4627127
2025-01-01T21:15:00 -262540.526 -6419076.017 -3033497.799 -628.5382437 3218.4710061 -6768.2710115
2025-01-01T21:16:00 -298823.096 -6213158.399 -3433239.744 -579.861538 3643.0684007 -6552.0223017
2025-01-01T21:17:00 -332004.93 -5982210.737 -3819217.182 -525.237202 4052.5217267 -6309.6123184
2025-01-01T21:18:00 -361739.771 -5727192.108 -4189889.907 -465.0247144 4445.1619272 -6042.0400861
2025-01-01T21:19:00 -387704.018 -5449159.502 -4543780.625 -399.6195891 4819.3950368 -5750.402654
2025-01-01T21:20:00 -409598.831 -5149263.164 -4879480.67 -329.4511225 5173.7079896 -5435.8903331
2025-01-01T21:21:00 -427152.077 -4828741.535 -5195655.473 -254.9799369 5506.6746377 -5099.7814092
2025-01-01T21:22:00 -440120.132 -4488915.876 -5491049.665 -176.6952087 5816.96115 -4743.4364006
2025-01-01T21:23:00 -448289.509 -4131184.6 -5764491.808 -95.1117884 6103.3308799 -4368.2920154
2025-01-01T21:24:00 -451478.307 -3757017.284 -6014898.809 -10.7672351 6364.6485238 -3975.8549301
2025-01-01T21:25:00 -449537.486 -3367948.501 -6241279.916 75.7811206 6599.883938 -3567.695724
2025-01-01T21:26:00 -442351.966 -2965571.363 -6442740.376 163.9591747 6808.1156999 -3145.4423237
2025-01-01T21:27:00 -429841.535 -2551530.964 -6618484.656 253.1792042 6988.5337658 -2710.7733728
2025-01-01T21:28:00 -411961.575 -2127517.598 -6767819.3 342.8430761 7140.4416222 -2265.411739
2025-01-01T21:29:00 -388703.59 -1695259.883 -6890155.411 432.3453929 7263.2579404 -1811.1185891
2025-01-01T21:30:00 -360095.538 -1256517.829 -6985010.754 521.0769704 7356.5189283 -1349.6874027
2025-01-01T21:31:00 -326201.954 -813075.698 -7052011.494 608.4284045 7419.8798891 -882.9365962
2025-01-01T21:32:00 -287123.862 -366734.834 -7090893.473 693.7931753 7453.1154462 -412.7025618
2025-01-01T21:33:00 -242998.517 80693.445 -7101503.102 776.5707974 7456.1193488 59.1662838
2025-01-01T21:34:00 -193998.931 527395.038 -7083797.912 856.1704081 7428.9050601 530.815533
2025-01-01T21:35:00 -140333.202 971560.261 -7037846.703 932.0136327 7371.6054018 1000.3917266
2025-01-01T21:36:00 -82243.694 1411390.929 -6963829.318 1003.5372806 7284.4717597 1466.0476539
2025-01-01T21:37:00 -20006.014 1845107.515 -6862036.1 1070.1971659 7167.8745037 1925.9485901
2025-01-01T21:38:00 46072.248 2270956.276 -6732866.897 1131.4717681 7022.3016418 2378.2799483
2025-01-01T21:39:00 115652.957 2687216.198 -6576829.688 1186.8650256 6848.3568074 2821.2532593
2025-01-01T21:40:00 188369.055 3092205.94 -6394538.807 1235.9093379 6646.7581603 3253.1129415
2025-01-01T21:41:00 263826.353 3484290.619 -6186712.744 1278.1683293 6418.3353813 3672.1437852
2025-01-01T21:42:00 341605.474 3861888.386 -5954171.552 1313.239287 6164.0262432 4076.6764398
2025-01-01T21:43:00 421263.96 4223476.842 -5697833.926 1340.7560069 5884.8743218 4465.09337
2025-01-01T21:44:00 502338.544 4567599.3 -5418713.886 1360.3913966 5582.0256631 4835.8356248
2025-01-01T21:45:00 584347.561 4892870.819 -5117917.072 1371.859733 5256.7251136 5187.4092579
2025-01-01T21:46:00 666793.503 5197983.998 -4796636.644 1374.9189632 4910.3118341 5518.3921071
2025-01-01T21:47:00 749165.697 5481714.486 -4456148.781 1369.3726507 4544.21399 5827.4399948
2025-01-01T21:48:00 830943.096 5742926.162 -4097807.816 1355.071563 4159.9432258 6113.2925586
2025-01-01T21:49:00 911597.147 5980575.955 -3723041.063 1331.9150745 3759.0888685 6374.7787201
2025-01-01T21:50:00 990594.752 6193718.329 -3333343.295 1299.8525266 3343.3119274 6610.8221338
2025-01-01T21:51:00 1067401.302 6381509.411 -2930270.861 1258.8842248 2914.3383639 6820.4466234
2025-01-01T21:52:00 1141483.751 6543210.642 -2515435.572 1209.0621428 2473.9519064 7002.7810223
2025-01-01T21:53:00 1212313.732 6678192.032 -2090498.248 1150.490329 2023.9864308 7157.0637101
2025-01-01T21:54:00 1279370.686 6785934.929 -1657162.008 1083.3249518 1566.317919 7282.6465529
2025-01-01T21:55:00 1342144.986 6866034.3 -1217165.363 1007.7742196 1102.8562012 7378.9983798
2025-01-01T21:56:00 1400141.047 6918200.496 -772275.127 924.0978865 635.5361607 7445.7080033
2025-01-01T21:57:00 1452880.393 6942260.486 -324279.117 832.6062027 166.3087253 7482.4863779
2025-01-01T21:58:00 1499904.642 6938158.557 125021.22 733.658589 -302.8680451 7489.1680726
2025-01-01T21:59:00 1540778.415 6905956.469 573818.215 627.662043 -770.0377643 7465.7120625
2025-01-01T22:00:00 1575092.134 6845833.099 1020305.497 515.0693536 -1233.2544626 7412.2020334
2025-01-01T22:01:00 1602464.721 6758083.55 1462685.46 396.3772695 -1690.5912541 7328.8462397
2025-01-01T22:02:00 1622546.158 6643117.751 1899176.695 272.1240467 -2140.1491555 7215.9769066
2025-01-01T22:03:00 1635019.899 6501458.507 2328021.42 142.886717 -2580.0658902 7074.0484596
2025-01-01T22:04:00 1639605.124 6333739.056 2747492.736 9.2785802 -3008.5238121 6903.635354
2025-01-01T22:05:00 1636058.82 6140700.167 3155901.752 -128.0539743 -3423.75792 6705.4305021
2025-01-01T22:06:00 1624177.649 5923186.696 3551604.643 -268.4354564 -3824.0649695 6480.2419258
2025-01-01T22:07:00 1603799.608 5682143.644 3933009.388 -411.163863 -4207.8108825 6228.9872445
2025-01-01T22:08:00 1574805.553 5418611.856 4298582.204 -555.5131928 -4573.4363025 5952.6906041
2025-01-01T22:09:00 1537120.483 5133723.291 4646853.919 -700.7390462 -4919.4647052 5652.4800814
2025-01-01T22:10:00 1490714.493 4828695.817 4976425.946 -846.0831413 -5244.5102052 5329.5793208
2025-01-01T22:11:00 1435603.524 4504827.621 5285975.81 -990.775949 -5547.2813586 4985.3000972
2025-01-01T22:12:00 1371849.94 4163491.483 5574262.234 -1134.0403561 -5826.5843781 4621.037238
2025-01-01T22:13:00 1299562.866 3806128.775 5840130.027 -1275.0954231 -6081.3273357 4238.2644121
2025-01-01T22:14:00 1218898.283 3434243.179 6082514.645 -1413.1608192 -6310.5253679 3838.5279369
2025-01-01T22:15:00 1130058.876 3049394.19 6300446.304 -1547.4608829 -6513.30413 3423.4395279
2025-01-01T22:16:00 1033293.634 2653190.379 6493053.72 -1677.2283748 -6688.9022935 2994.6695926
2025-01-01T22:17:00 928897.23 2247282.526 6659567.446 -1801.7082609 -6836.6740676 2553.9408042
2025-01-01T22:18:00 817209.182 1833356.655 6799322.771 -1920.161597 -6956.0915527 2103.0208855
2025-01-01T22:19:00 698612.764 1413126.894 6911762.211 -2031.8693082 -7046.7456656 1643.7150298
2025-01-01T22:20:00 573533.7 988328.327 6996437.559 -2136.1359653 -7108.3464071 1177.8592603
2025-01-01T22:21:00 442438.65 560709.886 7053011.524 -2232.2933034 -7140.723044 707.3141259
2025-01-01T22:22:00 305833.457 132027.144 7081259.039 -2319.7040265 -7143.8249762 233.9586074
2025-01-01T22:23:00 164261.172 -295964.935 7081068.139 -2397.7655638 -7117.7223111 -240.3176849
2025-01-01T22:24:00 18299.889 -721519.157 7052440.357 -2465.9131558 -7062.6046829 -713.6221088
2025-01-01T22:25:00 -131439.626 -1142903.277 6995490.711 -2523.6230028 -6978.78012 -1184.0656475
2025-01-01T22:26:00 -284316.499 -1558407.055 6910447.27 -2570.4156407 -6866.6738384 -1649.7703064
2025-01-01T22:27:00 -439662.485 -1966349.227 6797650.26 -2605.8588361 -6726.8259744 -2108.8765373
2025-01-01T22:28:00 -596784.89 -2365084.318 6657550.759 -2629.5700844 -6559.889211 -2559.5502239
2025-01-01T22:29:00 -754969.609 -2753009.326 6490708.943 -2641.2186549 -6366.625904 -2999.9898107
2025-01-01T22:30:00 -913484.305 -3128570.194 6297791.945 -2640.5277474 -6147.904566 -3428.4327459
2025-01-01T22:31:00 -1071581.707 -3490268.074 6079571.328 -2627.2770208 -5904.6966469 -3843.161736
2025-01-01T22:32:00 -1228503.08 -3836665.396 5836920.168 -2601.3048773 -5638.0725406 -4242.5113278
2025-01-01T22:33:00 -1383481.808 -4166391.698 5570809.752 -2562.5104918 -5349.1977495 -4624.8740863
2025-01-01T22:34:00 -1535747.088 -4478149.188 5282305.911 -2510.855472 -5039.3288619 -4988.7074814
2025-01-01T22:35:00 -1684527.715 -4770718.077 4972564.913 -2446.3649968 -4709.8086405 -5332.5407123
2025-01-01T22:36:00 -1829055.927 -5042961.616 4642828.941 -2369.1285344 -4362.0607694 -5654.981217
2025-01-01T22:37:00 -1968571.266 -5293830.746 4294421.23 -2279.3003842 -3997.5839721 -5954.7214985
2025-01-01T22:38:00 -2102324.481 -5522368.403 3928740.755 -2177.0996402 -3617.9447772 -6230.5452946
2025-01-01T22:39:00 -2229581.401 -5727713.376 3547256.597 -2062.8098506 -3224.7704369 -6481.3326187
2025-01-01T22:40:00 -2349626.791 -5909103.738 3151502.023 -1936.7784839 -2819.7418643 -6706.0643994
2025-01-01T22:41:00 -2461768.162 -6065879.841 2743068.323 -1799.4162102 -2404.5866748 -6903.8271065
2025-01-01T22:42:00 -2565339.529 -6197486.915 2323598.302 -1651.1955276 -1981.0715068 -7073.8172937
2025-01-01T22:43:00 -2659705.071 -6303477.162 1894779.572 -1492.6490194 -1550.9941712 -7215.3452605
2025-01-01T22:44:00 -2744262.675 -6383511.382 1458337.646 -1324.3674411 -1116.1756495 -7327.8384476
2025-01-01T22:45:00 -2818447.358 -6437360.123 1016028.793 -1146.9972707 -678.4515737 -7410.8442337
2025-01-01T22:46:00 -2881734.531 -6464904.3 569632.784 -961.2379133 -239.663897 -7464.03191
2025-01-01T22:47:00 -2933643.079 -6466135.326 120945.552 -767.8386587 198.3473843 -7487.1942902
2025-01-01T22:48:00 -2973738.26 -6441154.743 -328228.282 -567.5953735 633.7528122 -7480.2487134
2025-01-01T22:49:00 -3001634.393 -6390173.332 -776082.891 -361.3468744 1064.7419691 -7443.237259
2025-01-01T22:50:00 -3016997.316 -6313509.719 -1220818.682 -149.9710672 1489.5317253 -7376.3262938
2025-01-01T22:51:00 -3019546.613 -6211588.498 -1660649.76 65.619107 1906.3743186 -7279.8053613
2025-01-01T22:52:00 -3009057.592 -6084937.873 -2093811.268 284.4799227 2313.5650082 -7154.0856313
2025-01-01T22:53:00 -2985362.993 -5934186.856 -2518566.599 505.6414282 2709.4497115 -6999.6978855
2025-01-01T22:54:00 -2948354.422 -5760061.991 -2933214.526 728.1122424 3092.4324908 -6817.2895668
2025-01-01T22:55:00 -2897983.489 -5563383.666 -3336096.066 950.8843516 3460.9823571 -6607.6211256
2025-01-01T22:56:00 -2834262.663 -5345062.014 -3725601.172 1172.9379466 3813.6395867 -6371.561857
2025-01-01T22:57:00 -2757265.839 -5106092.481 -4100175.08 1393.2461648 4149.0212694 -6110.085325
2025-01-01T22:58:00 -2667128.616 -4847551.055 -4458324.461 1610.7798 4465.8264205 -5824.2646852
2025-01-01T22:59:00 -2564048.294 -4570589.19 -4798623.251 1824.5120334 4762.8408317 -5515.2676009
2025-01-01T23:00:00 -2448283.601 -4276428.499 -5119718.126 2033.4230205 5038.941193 -5184.3508412
2025-01-01T23:01:00 -2320154.132 -3966355.172 -5420333.711 2236.5044792 5293.0988155 -4832.8548329
2025-01-01T23:02:00 -2180039.507 -3641714.181 -5699277.437 2432.7643246 5524.383039 -4462.1979195
2025-01-01T23:03:00 -2028378.284 -3303903.339 -5955444.008 2621.2312359 5731.9641177 -4073.8704343
2025-01-01T23:04:00 -1865666.554 -2954367.15 -6187819.556 2800.9593541 5915.1158885 -3669.4284072
2025-01-01T23:05:00 -1692456.277 -2594590.506 -6395485.385 2971.0326807 6073.2177654 -3250.486611
2025-01-01T23:06:00 -1509353.396 -2226092.367 -6577621.261 3130.5687992 6205.7557285 -2818.7118449
2025-01-01T23:07:00 -1317015.693 -1850419.313 -6733508.371 3278.7226237 6312.3229798 -2375.8167155
2025-01-01T23:08:00 -1116150.435 -1469139.082 -6862531.876 3414.6901065 6392.620494 -1923.5532215
2025-01-01T23:09:00 -907511.826 -1083834.146 -6964183.08 3537.7116366 6446.4569572 -1463.706727
2025-01-01T23:10:00 -691898.209 -696095.209 -7038061.262 3647.0762016 6473.7490867 -998.0897737
2025-01-01T23:11:00 -470149.032 -307514.737 -7083875.078 3742.1249501 6474.5209574 -528.5345537
2025-01-01T23:12:00 -243141.645 80319.422 -7101443.557 3822.2539443 6448.9023468 -56.8870408
2025-01-01T23:13:00 -11787.901 465830.363 -7090696.753 3886.9176823 6397.1282761 414.9989948
2025-01-01T23:14:00 222969.437 847458.399 -7051675.992 3935.6314331 6319.5370151 885.2694276
2025-01-01T23:15:00 460160.399 1223667.176 -6984533.741 3967.9736428 6216.5678933 1352.0742323
2025-01-01T23:16:00 698791.714 1592949.723 -6889533.204 3983.5899682 6088.7610901 1813.5737558
2025-01-01T23:17:00 937850.934 1953834.454 -6767047.425 3982.1955974 5936.7552838 2267.9475332
2025-01-01T23:18:00 1176310.643 2304890.973 -6617557.939 3963.5764732 5761.2837603 2713.4004081
2025-01-01T23:19:00 1413132.75 2644735.647 -6441653.112 3927.5915721 5563.1723044 3148.1677198
2025-01-01T23:20:00 1647272.952 2972037.097 -6240026.083 3874.1751126 5343.3362874 3570.5231184
2025-01-01T23:21:00 1877685.289 3285521.452 -6013472.239 3803.3374695 5102.7758478 3978.7852661
2025-01-01T23:22:00 2103326.729 3583977.284 -5762886.37 3715.1662168 4842.5722641 4371.3232931
2025-01-01T23:23:00 2323161.83 3866260.388 -5489259.449 3609.827132 4563.8844085 4746.5631548
2025-01-01T23:24:00 2536167.47 4131298.319 -5193675.018 3487.5649206 4267.9444538 5102.9942383
2025-01-01T23:25:00 2741337.587 4378094.649 -4877305.181 3348.7035308 3956.0530997 5439.1759173
2025-01-01T23:26:00 2937687.917 4605732.903 -4541406.233 3193.6457392 3629.5743191 5753.7440617
2025-01-01T23:27:00 3124260.713 4813380.204 -4187313.861 3022.8723805 3289.9293483 6045.4169901
2025-01-01T23:28:00 3300129.402 5000290.523 -3816438.042 2836.9414741 2938.5909789 6313.0007077
2025-01-01T23:29:00 3464403.181 5165807.601 -3430257.636 2636.4874343 2577.0779543 6555.3947301
2025-01-01T23:30:00 3616231.56 5309367.512 -3030314.559 2422.2190139 2206.9478472 6771.5982456
2025-01-01T23:31:00 3754808.731 5430500.765 -2618207.668 2194.9162864 1829.7897837 6960.7143233
2025-01-01T23:32:00 3879377.767 5528834.004 -2195586.446 1955.4283292 1447.2182996 7121.9538144
2025-01-01T23:33:00 3989234.686 5604091.341 -1764144.357 1704.6702048 1060.8663255 7254.6401325
2025-01-01T23:34:00 4083732.295 5656095.226 -1325611.982 1443.6191186 672.3776395 7358.2129392
2025-01-01T23:35:00 4162283.794 5684766.866 -881749.976 1173.310462 283.3992 7432.2311685
2025-01-01T23:36:00 4224366.151 5690126.19 -434341.813 894.8334998 -104.4266 7476.3752537
2025-01-01T23:37:00 4269523.187 5672291.346 14813.564 609.3266126 -489.4694434 7490.4490477
2025-01-01T23:38:00 4297368.364 5631477.743 463909.153 317.9719616 -870.1188544 7474.3809609
2025-01-01T23:39:00 4307587.256 5567996.638 911137.42 21.990089 -1244.7917061 7428.2241098
2025-01-01T23:40:00 4299939.677 5482253.275 1354697.729 -277.3657419 -1611.9391138 7352.1557776
2025-01-01T23:41:00 4274261.49 5374744.663 1792803.811 -578.8146227 -1970.0521513 7246.4766511
2025-01-01T23:42:00 4230466.122 5246056.988 2223691.128 -881.0529635 -2317.6685109 7111.6115581
2025-01-01T23:43:00 4168545.713 5096862.554 2645624.355 -1182.7621046 -2653.3815314 6948.1085525
2025-01-01T23:44:00 4088571.773 4927916.194 3056904.635 -1482.6159108 -2975.8473796 6756.6335312
2025-01-01T23:45:00 3990695.48 4740051.405 3455876.461 -1779.2859065 -3283.788812 6537.9661281
2025-01-01T23:46:00 3875147.662 4534176.187 3840934.456 -2071.4462915 -3576.0004837 6292.996835
2025-01-01T23:47:00 3742238.48 4311268.571 4210529.928 -2357.7793576 -3851.3537652 6022.7235398
2025-01-01T23:48:00 3592356.736 4072371.919 4563177.184 -2636.9832426 -4108.8007471 5728.2485412
2025-01-01T23:49:00 3425968.647 3818589.91 4897459.666 -2907.7802884 -4347.3795559 5410.7724478
2025-01-01T23:50:00 3243616.237 3551081.239 5212035.629 -3168.9215804 -4566.218361 5071.5868884
2025-01-01T23:51:00 3045915.505 3271054.148 5505643.379 -3419.1915413 -4764.5382402 4712.0681198
2025-01-01T23:52:00 2833554.254 2979760.801 5777106.182 -3657.4128384 -4941.6540502 4333.6709325
2025-01-01T23:53:00 2607289.652 2678491.605 6025336.854 -3882.4513158 -5096.9762441 3937.9242963
2025-01-01T23:54:00 2367945.484 2368569.418 6249342.01 -4093.2219944 -5230.0134887 3526.425185
2025-01-01T23:55:00 2116409.017 2051343.594 6448225.94 -4288.6942933 -5340.3738855 3100.8310564
2025-01-01T23:56:00 1853627.611 1728184.005 6621194.02 -4467.8965171 -5427.7652306 2662.8527199
2025-01-01T23:57:00 1580605.047 1400475.067 6767555.701 -4629.9202727 -5491.9950214 2214.2474211
2025-01-01T23:58:00 1298397.616 1069609.769 6886727.078 -4773.9243525 -5532.9699431 1756.8115839
2025-01-01T23:59:00 1008109.979 736983.747 6978233.045 -4899.1381321 -5550.6947647 1292.3743596
2025-01-02T00:00:00 710890.824 403989.428 7041709.076 -5004.865192 -5545.2715228 822.7915815
